Date,Settle Price,Strike Price,Expiry,Date,Settle Price,Strike Price,Expiry,Date,Settle Price,Strike Price,Expiry,Date,Settle Price,Strike Price,Expiry,Date,Settle Price,Strike Price,Expiry,Date,Settle Price,Strike Price,Expiry,Date,Settle Price,Strike Price,Expiry,Date,Settle Price,Strike Price,Expiry,Date,Settle Price,Strike Price,Expiry,Date,Settle Price,Strike Price,Expiry,Date,Settle Price,Strike Price,Expiry,Date,Settle Price,Strike Price,Expiry
29-Mar-2016,755.1,9000,28-Dec-2017,29-Mar-2016,463.5,10000,28-Dec-2017,29-Mar-2016,275.65,11000,28-Dec-2017,30-Sep-2016,620.8,9000,28-Sep-2017,30-Sep-2016,251.3,10000,28-Sep-2017,30-Sep-2016,84.5,11000,28-Sep-2017,29-Mar-2016,502.4,9000,29-Jun-2017,29-Mar-2016,262.7,10000,29-Jun-2017,29-Mar-2016,129.6,11000,29-Jun-2017,01-Apr-2016,406.95,9000,30-Mar-2017,01-Apr-2016,187.05,10000,30-Mar-2017,15-Jul-2016,27.6,11000,30-Mar-2017
30-Mar-2016,869.9,9000,28-Dec-2017,30-Mar-2016,556.6,10000,28-Dec-2017,30-Mar-2016,346.8,11000,28-Dec-2017,03-Oct-2016,728.05,9000,28-Sep-2017,03-Oct-2016,324.95,10000,28-Sep-2017,03-Oct-2016,124.1,11000,28-Sep-2017,30-Mar-2016,599.15,9000,29-Jun-2017,30-Mar-2016,332,10000,29-Jun-2017,30-Mar-2016,175.15,11000,29-Jun-2017,04-Apr-2016,390.05,9000,30-Mar-2017,04-Apr-2016,174.1,10000,30-Mar-2017,18-Jul-2016,21.95,11000,30-Mar-2017
31-Mar-2016,835.95,9000,28-Dec-2017,31-Mar-2016,524.85,10000,28-Dec-2017,31-Mar-2016,319.9,11000,28-Dec-2017,04-Oct-2016,731.9,9000,28-Sep-2017,04-Oct-2016,321.45,10000,28-Sep-2017,04-Oct-2016,119.55,11000,28-Sep-2017,31-Mar-2016,571.6,9000,29-Jun-2017,31-Mar-2016,308.6,10000,29-Jun-2017,31-Mar-2016,157.8,11000,29-Jun-2017,05-Apr-2016,367.65,9000,30-Mar-2017,05-Apr-2016,170.65,10000,30-Mar-2017,19-Jul-2016,19.7,11000,30-Mar-2017
01-Apr-2016,797,9000,28-Dec-2017,01-Apr-2016,490.65,10000,28-Dec-2017,01-Apr-2016,292.45,11000,28-Dec-2017,05-Oct-2016,693.6,9000,28-Sep-2017,05-Oct-2016,293.2,10000,28-Sep-2017,05-Oct-2016,103.6,11000,28-Sep-2017,01-Apr-2016,538.3,9000,29-Jun-2017,01-Apr-2016,282.75,10000,29-Jun-2017,01-Apr-2016,139.85,11000,29-Jun-2017,06-Apr-2016,351.45,9000,30-Mar-2017,06-Apr-2016,157.9,10000,30-Mar-2017,20-Jul-2016,19.1,11000,30-Mar-2017
04-Apr-2016,760.6,9000,28-Dec-2017,04-Apr-2016,459,10000,28-Dec-2017,04-Apr-2016,267.2,11000,28-Dec-2017,06-Oct-2016,657.95,9000,28-Sep-2017,06-Oct-2016,268.1,10000,28-Sep-2017,06-Oct-2016,90.15,11000,28-Sep-2017,04-Apr-2016,515.15,9000,29-Jun-2017,04-Apr-2016,263.95,10000,29-Jun-2017,04-Apr-2016,126.75,11000,29-Jun-2017,07-Apr-2016,320.2,9000,30-Mar-2017,07-Apr-2016,139.85,10000,30-Mar-2017,21-Jul-2016,15.8,11000,30-Mar-2017
05-Apr-2016,727.25,9000,28-Dec-2017,05-Apr-2016,449.5,10000,28-Dec-2017,05-Apr-2016,269.9,11000,28-Dec-2017,07-Oct-2016,633.65,9000,28-Sep-2017,07-Oct-2016,248.75,10000,28-Sep-2017,07-Oct-2016,79.3,11000,28-Sep-2017,05-Apr-2016,489,9000,29-Jun-2017,05-Apr-2016,258.8,10000,29-Jun-2017,05-Apr-2016,129.9,11000,29-Jun-2017,08-Apr-2016,304.7,9000,30-Mar-2017,08-Apr-2016,128.45,10000,30-Mar-2017,22-Jul-2016,14.9,11000,30-Mar-2017
06-Apr-2016,704.6,9000,28-Dec-2017,06-Apr-2016,427.5,10000,28-Dec-2017,06-Apr-2016,251.1,11000,28-Dec-2017,10-Oct-2016,621.4,9000,28-Sep-2017,10-Oct-2016,235.55,10000,28-Sep-2017,10-Oct-2016,71.15,11000,28-Sep-2017,06-Apr-2016,470.25,9000,29-Jun-2017,06-Apr-2016,242.2,10000,29-Jun-2017,06-Apr-2016,118,11000,29-Jun-2017,11-Apr-2016,359.7,9000,30-Mar-2017,11-Apr-2016,160.25,10000,30-Mar-2017,25-Jul-2016,22.35,11000,30-Mar-2017
07-Apr-2016,661.6,9000,28-Dec-2017,07-Apr-2016,395.45,10000,28-Dec-2017,07-Apr-2016,228.55,11000,28-Dec-2017,13-Oct-2016,582.6,9000,28-Sep-2017,13-Oct-2016,232.55,10000,28-Sep-2017,13-Oct-2016,77.1,11000,28-Sep-2017,07-Apr-2016,434.3,9000,29-Jun-2017,07-Apr-2016,218.85,10000,29-Jun-2017,07-Apr-2016,104.1,11000,29-Jun-2017,12-Apr-2016,357.9,9000,30-Mar-2017,12-Apr-2016,156.2,10000,30-Mar-2017,26-Jul-2016,18.1,11000,30-Mar-2017
08-Apr-2016,639.65,9000,28-Dec-2017,08-Apr-2016,374.75,10000,28-Dec-2017,08-Apr-2016,211.45,11000,28-Dec-2017,14-Oct-2016,571.2,9000,28-Sep-2017,14-Oct-2016,220.85,10000,28-Sep-2017,14-Oct-2016,69.85,11000,28-Sep-2017,08-Apr-2016,416.25,9000,29-Jun-2017,08-Apr-2016,203.9,10000,29-Jun-2017,08-Apr-2016,93.7,11000,29-Jun-2017,13-Apr-2016,445.75,9000,30-Mar-2017,13-Apr-2016,211.65,10000,30-Mar-2017,27-Jul-2016,16.65,11000,30-Mar-2017
11-Apr-2016,718.3,9000,28-Dec-2017,11-Apr-2016,433.95,10000,28-Dec-2017,11-Apr-2016,253.8,11000,28-Dec-2017,17-Oct-2016,529,9000,28-Sep-2017,17-Oct-2016,197.9,10000,28-Sep-2017,17-Oct-2016,60.15,11000,28-Sep-2017,11-Apr-2016,480.6,9000,29-Jun-2017,11-Apr-2016,246.4,10000,29-Jun-2017,11-Apr-2016,118.85,11000,29-Jun-2017,18-Apr-2016,456.55,9000,30-Mar-2017,18-Apr-2016,214.65,10000,30-Mar-2017,28-Jul-2016,17.7,11000,30-Mar-2017
12-Apr-2016,716,9000,28-Dec-2017,12-Apr-2016,427.45,10000,28-Dec-2017,12-Apr-2016,246.3,11000,28-Dec-2017,18-Oct-2016,681.65,9000,28-Sep-2017,18-Oct-2016,302.1,10000,28-Sep-2017,18-Oct-2016,115.45,11000,28-Sep-2017,12-Apr-2016,478.55,9000,29-Jun-2017,12-Apr-2016,241.3,10000,29-Jun-2017,12-Apr-2016,113.95,11000,29-Jun-2017,20-Apr-2016,433.75,9000,30-Mar-2017,20-Apr-2016,196.9,10000,30-Mar-2017,29-Jul-2016,14.2,11000,30-Mar-2017
13-Apr-2016,835.05,9000,28-Dec-2017,13-Apr-2016,522.8,10000,28-Dec-2017,13-Apr-2016,317.85,11000,28-Dec-2017,19-Oct-2016,654,9000,28-Sep-2017,19-Oct-2016,280.15,10000,28-Sep-2017,19-Oct-2016,102.2,11000,28-Sep-2017,13-Apr-2016,578.8,9000,29-Jun-2017,13-Apr-2016,311.85,10000,29-Jun-2017,13-Apr-2016,159.05,11000,29-Jun-2017,21-Apr-2016,413.1,9000,30-Mar-2017,21-Apr-2016,181.05,10000,30-Mar-2017,01-Aug-2016,11.25,11000,30-Mar-2017
18-Apr-2016,851.45,9000,28-Dec-2017,18-Apr-2016,530.7,10000,28-Dec-2017,18-Apr-2016,320.55,11000,28-Dec-2017,20-Oct-2016,664.35,9000,28-Sep-2017,20-Oct-2016,281.2,10000,28-Sep-2017,20-Oct-2016,100.4,11000,28-Sep-2017,18-Apr-2016,591.8,9000,29-Jun-2017,18-Apr-2016,316.6,10000,29-Jun-2017,18-Apr-2016,159.75,11000,29-Jun-2017,22-Apr-2016,388.9,9000,30-Mar-2017,22-Apr-2016,164.05,10000,30-Mar-2017,02-Aug-2016,8.85,11000,30-Mar-2017
20-Apr-2016,821.6,9000,28-Dec-2017,20-Apr-2016,502.2,10000,28-Dec-2017,20-Apr-2016,296.45,11000,28-Dec-2017,21-Oct-2016,644.25,9000,28-Sep-2017,21-Oct-2016,263.65,10000,28-Sep-2017,21-Oct-2016,89.7,11000,28-Sep-2017,20-Apr-2016,566.15,9000,29-Jun-2017,20-Apr-2016,294.65,10000,29-Jun-2017,20-Apr-2016,143.7,11000,29-Jun-2017,25-Apr-2016,355.2,9000,30-Mar-2017,25-Apr-2016,143.5,10000,30-Mar-2017,03-Aug-2016,8.1,11000,30-Mar-2017
21-Apr-2016,794.85,9000,28-Dec-2017,21-Apr-2016,476.55,10000,28-Dec-2017,21-Apr-2016,274.55,11000,28-Dec-2017,24-Oct-2016,635,9000,28-Sep-2017,24-Oct-2016,251.95,10000,28-Sep-2017,24-Oct-2016,81.75,11000,28-Sep-2017,21-Apr-2016,542.95,9000,29-Jun-2017,21-Apr-2016,274.95,10000,29-Jun-2017,21-Apr-2016,129.6,11000,29-Jun-2017,26-Apr-2016,413.35,9000,30-Mar-2017,26-Apr-2016,176.65,10000,30-Mar-2017,04-Aug-2016,6.65,11000,30-Mar-2017
22-Apr-2016,762.55,9000,28-Dec-2017,22-Apr-2016,447.6,10000,28-Dec-2017,22-Apr-2016,251.45,11000,28-Dec-2017,25-Oct-2016,608.9,9000,28-Sep-2017,25-Oct-2016,232.25,10000,28-Sep-2017,25-Oct-2016,71.25,11000,28-Sep-2017,22-Apr-2016,515.5,9000,29-Jun-2017,22-Apr-2016,253.3,10000,29-Jun-2017,22-Apr-2016,115.05,11000,29-Jun-2017,27-Apr-2016,402.35,9000,30-Mar-2017,27-Apr-2016,166.7,10000,30-Mar-2017,05-Aug-2016,19.65,11000,30-Mar-2017
25-Apr-2016,718.45,9000,28-Dec-2017,25-Apr-2016,412.4,10000,28-Dec-2017,25-Apr-2016,225.85,11000,28-Dec-2017,26-Oct-2016,566.15,9000,28-Sep-2017,26-Oct-2016,212,10000,28-Sep-2017,26-Oct-2016,63.75,11000,28-Sep-2017,25-Apr-2016,477.55,9000,29-Jun-2017,25-Apr-2016,227.15,10000,29-Jun-2017,25-Apr-2016,99.2,11000,29-Jun-2017,28-Apr-2016,377.05,9000,30-Mar-2017,28-Apr-2016,160.2,10000,30-Mar-2017,08-Aug-2016,17.8,11000,30-Mar-2017
26-Apr-2016,798.4,9000,28-Dec-2017,26-Apr-2016,472.75,10000,28-Dec-2017,26-Apr-2016,267.9,11000,28-Dec-2017,27-Oct-2016,550.1,9000,28-Sep-2017,27-Oct-2016,198.25,10000,28-Sep-2017,27-Oct-2016,56.3,11000,28-Sep-2017,26-Apr-2016,544.35,9000,29-Jun-2017,26-Apr-2016,270.45,10000,29-Jun-2017,26-Apr-2016,124.25,11000,29-Jun-2017,29-Apr-2016,359.5,9000,30-Mar-2017,29-Apr-2016,147.1,10000,30-Mar-2017,09-Aug-2016,14.2,11000,30-Mar-2017
27-Apr-2016,783.85,9000,28-Dec-2017,27-Apr-2016,456.2,10000,28-Dec-2017,27-Apr-2016,253,11000,28-Dec-2017,28-Oct-2016,549.55,9000,28-Sep-2017,28-Oct-2016,193.05,10000,28-Sep-2017,28-Oct-2016,52.55,11000,28-Sep-2017,27-Apr-2016,531.9,9000,29-Jun-2017,27-Apr-2016,257.9,10000,29-Jun-2017,27-Apr-2016,114.8,11000,29-Jun-2017,02-May-2016,327.65,9000,30-Mar-2017,02-May-2016,128.3,10000,30-Mar-2017,10-Aug-2016,14.3,11000,30-Mar-2017
28-Apr-2016,752.2,9000,28-Dec-2017,28-Apr-2016,444.95,10000,28-Dec-2017,28-Apr-2016,252.7,11000,28-Dec-2017,30-Oct-2016,526.2,9000,28-Sep-2017,30-Oct-2016,176.35,10000,28-Sep-2017,30-Oct-2016,44.75,11000,28-Sep-2017,28-Apr-2016,504.05,9000,29-Jun-2017,28-Apr-2016,249.7,10000,29-Jun-2017,28-Apr-2016,114.85,11000,29-Jun-2017,03-May-2016,298.8,9000,30-Mar-2017,03-May-2016,112.9,10000,30-Mar-2017,11-Aug-2016,12.45,11000,30-Mar-2017
29-Apr-2016,728.7,9000,28-Dec-2017,29-Apr-2016,422.35,10000,28-Dec-2017,29-Apr-2016,234,11000,28-Dec-2017,01-Nov-2016,509.55,9000,28-Sep-2017,01-Nov-2016,163.1,10000,28-Sep-2017,01-Nov-2016,38.55,11000,28-Sep-2017,29-Apr-2016,484.05,9000,29-Jun-2017,29-Apr-2016,232.95,10000,29-Jun-2017,29-Apr-2016,103.25,11000,29-Jun-2017,04-May-2016,272.95,9000,30-Mar-2017,04-May-2016,98.65,10000,30-Mar-2017,12-Aug-2016,17,11000,30-Mar-2017
02-May-2016,686.45,9000,28-Dec-2017,02-May-2016,389,10000,28-Dec-2017,02-May-2016,210.05,11000,28-Dec-2017,02-Nov-2016,476.9,9000,28-Sep-2017,02-Nov-2016,159.15,10000,28-Sep-2017,02-Nov-2016,41.2,11000,28-Sep-2017,02-May-2016,447.95,9000,29-Jun-2017,02-May-2016,208.15,10000,29-Jun-2017,02-May-2016,88.85,11000,29-Jun-2017,05-May-2016,268.05,9000,30-Mar-2017,05-May-2016,93.85,10000,30-Mar-2017,16-Aug-2016,12.85,11000,30-Mar-2017
03-May-2016,646.75,9000,28-Dec-2017,03-May-2016,360.35,10000,28-Dec-2017,03-May-2016,190.55,11000,28-Dec-2017,03-Nov-2016,449.35,9000,28-Sep-2017,03-Nov-2016,142.9,10000,28-Sep-2017,03-Nov-2016,34.6,11000,28-Sep-2017,03-May-2016,414.65,9000,29-Jun-2017,03-May-2016,187.6,10000,29-Jun-2017,03-May-2016,77.65,11000,29-Jun-2017,06-May-2016,251.4,9000,30-Mar-2017,06-May-2016,83.75,10000,30-Mar-2017,17-Aug-2016,10.2,11000,30-Mar-2017
04-May-2016,610.25,9000,28-Dec-2017,04-May-2016,332.3,10000,28-Dec-2017,04-May-2016,171.05,11000,28-Dec-2017,04-Nov-2016,417.85,9000,28-Sep-2017,04-Nov-2016,127.8,10000,28-Sep-2017,04-Nov-2016,29.55,11000,28-Sep-2017,04-May-2016,384.45,9000,29-Jun-2017,04-May-2016,168.05,10000,29-Jun-2017,04-May-2016,66.8,11000,29-Jun-2017,09-May-2016,329.2,9000,30-Mar-2017,09-May-2016,125.45,10000,30-Mar-2017,18-Aug-2016,10.95,11000,30-Mar-2017
05-May-2016,602.55,9000,28-Dec-2017,05-May-2016,322.55,10000,28-Dec-2017,05-May-2016,162.4,11000,28-Dec-2017,07-Nov-2016,447.2,9000,28-Sep-2017,07-Nov-2016,140.05,10000,28-Sep-2017,07-Nov-2016,33.15,11000,28-Sep-2017,05-May-2016,378.5,9000,29-Jun-2017,05-May-2016,161.45,10000,29-Jun-2017,05-May-2016,62.1,11000,29-Jun-2017,10-May-2016,321.4,9000,30-Mar-2017,10-May-2016,118.4,10000,30-Mar-2017,19-Aug-2016,8.7,11000,30-Mar-2017
06-May-2016,577.85,9000,28-Dec-2017,06-May-2016,301.35,10000,28-Dec-2017,06-May-2016,146.9,11000,28-Dec-2017,08-Nov-2016,465.1,9000,28-Sep-2017,08-Nov-2016,145.8,10000,28-Sep-2017,08-Nov-2016,34.25,11000,28-Sep-2017,06-May-2016,358.6,9000,29-Jun-2017,06-May-2016,147.15,10000,29-Jun-2017,06-May-2016,53.95,11000,29-Jun-2017,11-May-2016,294.5,9000,30-Mar-2017,11-May-2016,103.6,10000,30-Mar-2017,22-Aug-2016,6.5,11000,30-Mar-2017
09-May-2016,691.2,9000,28-Dec-2017,09-May-2016,386.95,10000,28-Dec-2017,09-May-2016,205.5,11000,28-Dec-2017,09-Nov-2016,434.95,9000,28-Sep-2017,09-Nov-2016,142.15,10000,28-Sep-2017,09-Nov-2016,36.3,11000,28-Sep-2017,09-May-2016,450.75,9000,29-Jun-2017,09-May-2016,205.45,10000,29-Jun-2017,09-May-2016,85.35,11000,29-Jun-2017,12-May-2016,305.35,9000,30-Mar-2017,12-May-2016,106.7,10000,30-Mar-2017,23-Aug-2016,5.25,11000,30-Mar-2017
10-May-2016,680.4,9000,28-Dec-2017,10-May-2016,374.1,10000,28-Dec-2017,10-May-2016,194.2,11000,28-Dec-2017,10-Nov-2016,496.95,9000,28-Sep-2017,10-Nov-2016,175.85,10000,28-Sep-2017,10-Nov-2016,49.4,11000,28-Sep-2017,10-May-2016,441.7,9000,29-Jun-2017,10-May-2016,196.1,10000,29-Jun-2017,10-May-2016,78.75,11000,29-Jun-2017,13-May-2016,279.45,9000,30-Mar-2017,13-May-2016,96.4,10000,30-Mar-2017,24-Aug-2016,4.45,11000,30-Mar-2017
11-May-2016,642.85,9000,28-Dec-2017,11-May-2016,345.15,10000,28-Dec-2017,11-May-2016,174.2,11000,28-Dec-2017,11-Nov-2016,514.4,9000,28-Sep-2017,11-Nov-2016,226.2,10000,28-Sep-2017,11-Nov-2016,88.2,11000,28-Sep-2017,11-May-2016,410.45,9000,29-Jun-2017,11-May-2016,175.95,10000,29-Jun-2017,11-May-2016,67.7,11000,29-Jun-2017,16-May-2016,283.5,9000,30-Mar-2017,16-May-2016,95.9,10000,30-Mar-2017,25-Aug-2016,3.7,11000,30-Mar-2017
12-May-2016,659.2,9000,28-Dec-2017,12-May-2016,352.7,10000,28-Dec-2017,12-May-2016,176.85,11000,28-Dec-2017,15-Nov-2016,486.95,9000,28-Sep-2017,15-Nov-2016,227.35,10000,28-Sep-2017,15-Nov-2016,39.95,11000,28-Sep-2017,12-May-2016,423.4,9000,29-Jun-2017,12-May-2016,180.55,10000,29-Jun-2017,12-May-2016,68.75,11000,29-Jun-2017,17-May-2016,281.45,9000,30-Mar-2017,17-May-2016,92.45,10000,30-Mar-2017,26-Aug-2016,2.75,11000,30-Mar-2017
13-May-2016,623.1,9000,28-Dec-2017,13-May-2016,332.05,10000,28-Dec-2017,13-May-2016,165.9,11000,28-Dec-2017,16-Nov-2016,464.95,9000,28-Sep-2017,16-Nov-2016,209.6,10000,28-Sep-2017,16-Nov-2016,85.7,11000,28-Sep-2017,13-May-2016,393.4,9000,29-Jun-2017,13-May-2016,166.3,10000,29-Jun-2017,13-May-2016,63,11000,29-Jun-2017,18-May-2016,259.15,9000,30-Mar-2017,18-May-2016,80.45,10000,30-Mar-2017,29-Aug-2016,2.55,11000,30-Mar-2017
16-May-2016,630.45,9000,28-Dec-2017,16-May-2016,332.9,10000,28-Dec-2017,16-May-2016,164.15,11000,28-Dec-2017,17-Nov-2016,432.4,9000,28-Sep-2017,17-Nov-2016,187.6,10000,28-Sep-2017,17-Nov-2016,73.25,11000,28-Sep-2017,16-May-2016,398.65,9000,29-Jun-2017,16-May-2016,166.1,10000,29-Jun-2017,16-May-2016,61.6,11000,29-Jun-2017,19-May-2016,236.9,9000,30-Mar-2017,19-May-2016,73.1,10000,30-Mar-2017,30-Aug-2016,11.6,11000,30-Mar-2017
17-May-2016,628.05,9000,28-Dec-2017,17-May-2016,326.2,10000,28-Dec-2017,17-May-2016,157.7,11000,28-Dec-2017,18-Nov-2016,409.95,9000,28-Sep-2017,18-Nov-2016,171.2,10000,28-Sep-2017,18-Nov-2016,63.7,11000,28-Sep-2017,17-May-2016,396.4,9000,29-Jun-2017,17-May-2016,161.45,10000,29-Jun-2017,17-May-2016,58.05,11000,29-Jun-2017,20-May-2016,215.05,9000,30-Mar-2017,20-May-2016,62.7,10000,30-Mar-2017,31-Aug-2016,11.7,11000,30-Mar-2017
18-May-2016,595.2,9000,28-Dec-2017,18-May-2016,300.7,10000,28-Dec-2017,18-May-2016,140.15,11000,28-Dec-2017,21-Nov-2016,380.25,9000,28-Sep-2017,21-Nov-2016,162.7,10000,28-Sep-2017,21-Nov-2016,63,11000,28-Sep-2017,18-May-2016,369.9,9000,29-Jun-2017,18-May-2016,144.35,10000,29-Jun-2017,18-May-2016,49.15,11000,29-Jun-2017,23-May-2016,195.25,9000,30-Mar-2017,23-May-2016,53,10000,30-Mar-2017,01-Sep-2016,9.3,11000,30-Mar-2017
19-May-2016,562.1,9000,28-Dec-2017,19-May-2016,283.65,10000,28-Dec-2017,19-May-2016,132.5,11000,28-Dec-2017,22-Nov-2016,402.4,9000,28-Sep-2017,22-Nov-2016,172.95,10000,28-Sep-2017,22-Nov-2016,67.1,11000,28-Sep-2017,19-May-2016,343.4,9000,29-Jun-2017,19-May-2016,133.55,10000,29-Jun-2017,19-May-2016,45.65,11000,29-Jun-2017,24-May-2016,188.15,9000,30-Mar-2017,24-May-2016,48.55,10000,30-Mar-2017,02-Sep-2016,9.1,11000,30-Mar-2017
20-May-2016,529.25,9000,28-Dec-2017,20-May-2016,259.7,10000,28-Dec-2017,20-May-2016,117.25,11000,28-Dec-2017,23-Nov-2016,396.6,9000,28-Sep-2017,23-Nov-2016,166.1,10000,28-Sep-2017,23-Nov-2016,62.25,11000,28-Sep-2017,20-May-2016,317.15,9000,29-Jun-2017,20-May-2016,118.15,10000,29-Jun-2017,20-May-2016,38.35,11000,29-Jun-2017,25-May-2016,334.3,9000,30-Mar-2017,25-May-2016,125.25,10000,30-Mar-2017,06-Sep-2016,23.35,11000,30-Mar-2017
23-May-2016,498.85,9000,28-Dec-2017,23-May-2016,236.85,10000,28-Dec-2017,23-May-2016,102.65,11000,28-Dec-2017,24-Nov-2016,361.65,9000,28-Sep-2017,24-Nov-2016,146.6,10000,28-Sep-2017,24-Nov-2016,52.95,11000,28-Sep-2017,23-May-2016,292.7,9000,29-Jun-2017,23-May-2016,103.6,10000,29-Jun-2017,23-May-2016,31.5,11000,29-Jun-2017,26-May-2016,417.9,9000,30-Mar-2017,26-May-2016,173.8,10000,30-Mar-2017,07-Sep-2016,18.9,11000,30-Mar-2017
24-May-2016,488.05,9000,28-Dec-2017,24-May-2016,225.95,10000,28-Dec-2017,24-May-2016,94.75,11000,28-Dec-2017,25-Nov-2016,457.2,9000,28-Sep-2017,25-Nov-2016,205.1,10000,28-Sep-2017,25-Nov-2016,83.45,11000,28-Sep-2017,24-May-2016,284.1,9000,29-Jun-2017,24-May-2016,96.8,10000,29-Jun-2017,24-May-2016,28,11000,29-Jun-2017,27-May-2016,457.05,9000,30-Mar-2017,27-May-2016,194.55,10000,30-Mar-2017,08-Sep-2016,18.3,11000,30-Mar-2017
25-May-2016,705.9,9000,28-Dec-2017,25-May-2016,394.45,10000,28-Dec-2017,25-May-2016,208.75,11000,28-Dec-2017,28-Nov-2016,441.1,9000,28-Sep-2017,28-Nov-2016,191.15,10000,28-Sep-2017,28-Nov-2016,74.35,11000,28-Sep-2017,25-May-2016,459.7,9000,29-Jun-2017,25-May-2016,207.85,10000,29-Jun-2017,25-May-2016,85.3,11000,29-Jun-2017,30-May-2016,445.1,9000,30-Mar-2017,30-May-2016,183.25,10000,30-Mar-2017,09-Sep-2016,16.2,11000,30-Mar-2017
26-May-2016,819.4,9000,28-Dec-2017,26-May-2016,483.6,10000,28-Dec-2017,26-May-2016,272.9,11000,28-Dec-2017,29-Nov-2016,427.95,9000,28-Sep-2017,29-Nov-2016,179.65,10000,28-Sep-2017,29-Nov-2016,67.05,11000,28-Sep-2017,26-May-2016,555.6,9000,29-Jun-2017,26-May-2016,272.4,10000,29-Jun-2017,26-May-2016,122.8,11000,29-Jun-2017,31-May-2016,418.75,9000,30-Mar-2017,31-May-2016,165.3,10000,30-Mar-2017,12-Sep-2016,19.95,11000,30-Mar-2017
27-May-2016,871.15,9000,28-Dec-2017,27-May-2016,520.45,10000,28-Dec-2017,27-May-2016,297.25,11000,28-Dec-2017,30-Nov-2016,461.7,9000,28-Sep-2017,30-Nov-2016,196.95,10000,28-Sep-2017,30-Nov-2016,74.6,11000,28-Sep-2017,27-May-2016,599.8,9000,29-Jun-2017,27-May-2016,299.3,10000,29-Jun-2017,27-May-2016,137.45,11000,29-Jun-2017,01-Jun-2016,409.7,9000,30-Mar-2017,01-Jun-2016,156.55,10000,30-Mar-2017,14-Sep-2016,16.9,11000,30-Mar-2017
30-May-2016,855.65,9000,28-Dec-2017,30-May-2016,502.45,10000,28-Dec-2017,30-May-2016,280.75,11000,28-Dec-2017,01-Dec-2016,430.2,9000,28-Sep-2017,01-Dec-2016,176.2,10000,28-Sep-2017,01-Dec-2016,63.5,11000,28-Sep-2017,30-May-2016,586.45,9000,29-Jun-2017,30-May-2016,285.3,10000,29-Jun-2017,30-May-2016,126.7,11000,29-Jun-2017,02-Jun-2016,414.15,9000,30-Mar-2017,02-Jun-2016,155.35,10000,30-Mar-2017,15-Sep-2016,14.75,11000,30-Mar-2017
31-May-2016,821.1,9000,28-Dec-2017,31-May-2016,471.65,10000,28-Dec-2017,31-May-2016,256.3,11000,28-Dec-2017,02-Dec-2016,393.55,9000,28-Sep-2017,02-Dec-2016,159.75,10000,28-Sep-2017,02-Dec-2016,57.35,11000,28-Sep-2017,31-May-2016,556.7,9000,29-Jun-2017,31-May-2016,262.25,10000,29-Jun-2017,31-May-2016,111.85,11000,29-Jun-2017,03-Jun-2016,397.55,9000,30-Mar-2017,03-Jun-2016,143,10000,30-Mar-2017,16-Sep-2016,14.3,11000,30-Mar-2017
01-Jun-2016,807.95,9000,28-Dec-2017,01-Jun-2016,456.05,10000,28-Dec-2017,01-Jun-2016,242.3,11000,28-Dec-2017,05-Dec-2016,393.3,9000,28-Sep-2017,05-Dec-2016,155.95,10000,28-Sep-2017,05-Dec-2016,54.15,11000,28-Sep-2017,01-Jun-2016,546.05,9000,29-Jun-2017,01-Jun-2016,250.9,10000,29-Jun-2017,01-Jun-2016,103.45,11000,29-Jun-2017,06-Jun-2016,370.25,9000,30-Mar-2017,06-Jun-2016,126.15,10000,30-Mar-2017,19-Sep-2016,12.75,11000,30-Mar-2017
02-Jun-2016,813.95,9000,28-Dec-2017,02-Jun-2016,454.9,10000,28-Dec-2017,02-Jun-2016,238.25,11000,28-Dec-2017,06-Dec-2016,382.6,9000,28-Sep-2017,06-Dec-2016,146.55,10000,28-Sep-2017,06-Dec-2016,48.6,11000,28-Sep-2017,02-Jun-2016,551.05,9000,29-Jun-2017,02-Jun-2016,249.6,10000,29-Jun-2017,02-Jun-2016,100.7,11000,29-Jun-2017,07-Jun-2016,279.95,9000,30-Mar-2017,07-Jun-2016,136.25,10000,30-Mar-2017,20-Sep-2016,9.9,11000,30-Mar-2017
03-Jun-2016,791.95,9000,28-Dec-2017,03-Jun-2016,433.1,10000,28-Dec-2017,03-Jun-2016,220.55,11000,28-Dec-2017,07-Dec-2016,352.3,9000,28-Sep-2017,07-Dec-2016,129,10000,28-Sep-2017,07-Dec-2016,40.5,11000,28-Sep-2017,03-Jun-2016,532.2,9000,29-Jun-2017,03-Jun-2016,233.45,10000,29-Jun-2017,03-Jun-2016,90.25,11000,29-Jun-2017,08-Jun-2016,380.9,9000,30-Mar-2017,08-Jun-2016,125.9,10000,30-Mar-2017,21-Sep-2016,8.05,11000,30-Mar-2017
06-Jun-2016,757.05,9000,28-Dec-2017,06-Jun-2016,403.25,10000,28-Dec-2017,06-Jun-2016,198.7,11000,28-Dec-2017,08-Dec-2016,452.7,9000,28-Sep-2017,08-Dec-2016,187.7,10000,28-Sep-2017,08-Dec-2016,68.45,11000,28-Sep-2017,06-Jun-2016,501.7,9000,29-Jun-2017,06-Jun-2016,211.5,10000,29-Jun-2017,06-Jun-2016,77.6,11000,29-Jun-2017,09-Jun-2016,348.3,9000,30-Mar-2017,09-Jun-2016,111.55,10000,30-Mar-2017,22-Sep-2016,12.75,11000,30-Mar-2017
07-Jun-2016,638.95,9000,28-Dec-2017,07-Jun-2016,422.55,10000,28-Dec-2017,07-Jun-2016,209.2,11000,28-Dec-2017,09-Dec-2016,440.6,9000,28-Sep-2017,09-Dec-2016,176.75,10000,28-Sep-2017,09-Dec-2016,61.65,11000,28-Sep-2017,07-Jun-2016,529.1,9000,29-Jun-2017,07-Jun-2016,225.15,10000,29-Jun-2017,07-Jun-2016,83.25,11000,29-Jun-2017,10-Jun-2016,321.75,9000,30-Mar-2017,10-Jun-2016,97.7,10000,30-Mar-2017,23-Sep-2016,9.95,11000,30-Mar-2017
08-Jun-2016,769.7,9000,28-Dec-2017,08-Jun-2016,403.35,10000,28-Dec-2017,08-Jun-2016,193.85,11000,28-Dec-2017,12-Dec-2016,399.95,9000,28-Sep-2017,12-Dec-2016,156.55,10000,28-Sep-2017,12-Dec-2016,53.3,11000,28-Sep-2017,08-Jun-2016,513.3,9000,29-Jun-2017,08-Jun-2016,211.3,10000,29-Jun-2017,08-Jun-2016,74.65,11000,29-Jun-2017,13-Jun-2016,290.6,9000,30-Mar-2017,13-Jun-2016,84.15,10000,30-Mar-2017,26-Sep-2016,9.6,11000,30-Mar-2017
09-Jun-2016,727.05,9000,28-Dec-2017,09-Jun-2016,375.55,10000,28-Dec-2017,09-Jun-2016,177.85,11000,28-Dec-2017,13-Dec-2016,409,9000,28-Sep-2017,13-Dec-2016,158.2,10000,28-Sep-2017,13-Dec-2016,52.8,11000,28-Sep-2017,09-Jun-2016,476.6,9000,29-Jun-2017,09-Jun-2016,191.9,10000,29-Jun-2017,09-Jun-2016,66.15,11000,29-Jun-2017,14-Jun-2016,276.7,9000,30-Mar-2017,14-Jun-2016,75.8,10000,30-Mar-2017,27-Sep-2016,7.45,11000,30-Mar-2017
10-Jun-2016,550,9000,28-Dec-2017,10-Jun-2016,347.8,10000,28-Dec-2017,10-Jun-2016,159.5,11000,28-Dec-2017,14-Dec-2016,377.2,9000,28-Sep-2017,14-Dec-2016,139.45,10000,28-Sep-2017,14-Dec-2016,44,11000,28-Sep-2017,10-Jun-2016,446.15,9000,29-Jun-2017,10-Jun-2016,172.35,10000,29-Jun-2017,10-Jun-2016,56.6,11000,29-Jun-2017,15-Jun-2016,331.45,9000,30-Mar-2017,15-Jun-2016,100.7,10000,30-Mar-2017,28-Sep-2016,7.25,11000,30-Mar-2017
13-Jun-2016,649.3,9000,28-Dec-2017,13-Jun-2016,319.95,10000,28-Dec-2017,13-Jun-2016,143.35,11000,28-Dec-2017,15-Dec-2016,350.4,9000,28-Sep-2017,15-Dec-2016,123.5,10000,28-Sep-2017,15-Dec-2016,36.7,11000,28-Sep-2017,13-Jun-2016,410.65,9000,29-Jun-2017,13-Jun-2016,153.35,10000,29-Jun-2017,13-Jun-2016,48.45,11000,29-Jun-2017,16-Jun-2016,301.75,9000,30-Mar-2017,16-Jun-2016,88.45,10000,30-Mar-2017,29-Sep-2016,10.55,11000,30-Mar-2017
14-Jun-2016,631.25,9000,28-Dec-2017,14-Jun-2016,303,10000,28-Dec-2017,14-Jun-2016,131.05,11000,28-Dec-2017,16-Dec-2016,328.45,9000,28-Sep-2017,16-Dec-2016,110.05,10000,28-Sep-2017,16-Dec-2016,30.65,11000,28-Sep-2017,14-Jun-2016,394.8,9000,29-Jun-2017,14-Jun-2016,141.55,10000,29-Jun-2017,14-Jun-2016,42.3,11000,29-Jun-2017,17-Jun-2016,302.2,9000,30-Mar-2017,17-Jun-2016,86,10000,30-Mar-2017,30-Sep-2016,9.15,11000,30-Mar-2017
15-Jun-2016,708.35,9000,28-Dec-2017,15-Jun-2016,357.7,10000,28-Dec-2017,15-Jun-2016,164.45,11000,28-Dec-2017,19-Dec-2016,299.6,9000,28-Sep-2017,19-Dec-2016,94.7,10000,28-Sep-2017,19-Dec-2016,24.45,11000,28-Sep-2017,15-Jun-2016,458.8,9000,29-Jun-2017,15-Jun-2016,177.7,10000,29-Jun-2017,15-Jun-2016,58.35,11000,29-Jun-2017,20-Jun-2016,327.3,9000,30-Mar-2017,20-Jun-2016,95.4,10000,30-Mar-2017,03-Oct-2016,18.05,11000,30-Mar-2017
16-Jun-2016,667.65,9000,28-Dec-2017,16-Jun-2016,331.75,10000,28-Dec-2017,16-Jun-2016,149.95,11000,28-Dec-2017,20-Dec-2016,277.55,9000,28-Sep-2017,20-Dec-2016,82.85,10000,28-Sep-2017,20-Dec-2016,19.9,11000,28-Sep-2017,16-Jun-2016,424.6,9000,29-Jun-2017,16-Jun-2016,160.3,10000,29-Jun-2017,16-Jun-2016,51.25,11000,29-Jun-2017,21-Jun-2016,305.8,9000,30-Mar-2017,21-Jun-2016,83.95,10000,30-Mar-2017,04-Oct-2016,16.75,11000,30-Mar-2017
17-Jun-2016,668.95,9000,28-Dec-2017,17-Jun-2016,327.6,10000,28-Dec-2017,17-Jun-2016,144.95,11000,28-Dec-2017,21-Dec-2016,256.8,9000,28-Sep-2017,21-Dec-2016,72.25,10000,28-Sep-2017,21-Dec-2016,16.05,11000,28-Sep-2017,17-Jun-2016,425.25,9000,29-Jun-2017,17-Jun-2016,157,10000,29-Jun-2017,17-Jun-2016,48.5,11000,29-Jun-2017,22-Jun-2016,284.55,9000,30-Mar-2017,22-Jun-2016,73.2,10000,30-Mar-2017,05-Oct-2016,13,11000,30-Mar-2017
20-Jun-2016,704.75,9000,28-Dec-2017,20-Jun-2016,349.5,10000,28-Dec-2017,20-Jun-2016,156.6,11000,28-Dec-2017,22-Dec-2016,233.25,9000,28-Sep-2017,22-Dec-2016,64.6,10000,28-Sep-2017,22-Dec-2016,14.25,11000,28-Sep-2017,20-Jun-2016,454.8,9000,29-Jun-2017,20-Jun-2016,171.05,10000,29-Jun-2017,20-Jun-2016,53.85,11000,29-Jun-2017,23-Jun-2016,312.4,9000,30-Mar-2017,23-Jun-2016,83.5,10000,30-Mar-2017,06-Oct-2016,10,11000,30-Mar-2017
21-Jun-2016,675.6,9000,28-Dec-2017,21-Jun-2016,325.55,10000,28-Dec-2017,21-Jun-2016,140.55,11000,28-Dec-2017,23-Dec-2016,221.9,9000,28-Sep-2017,23-Dec-2016,58.05,10000,28-Sep-2017,23-Dec-2016,11.85,11000,28-Sep-2017,21-Jun-2016,430.05,9000,29-Jun-2017,21-Jun-2016,154.75,10000,29-Jun-2017,21-Jun-2016,45.9,11000,29-Jun-2017,24-Jun-2016,318.85,9000,30-Mar-2017,24-Jun-2016,105.65,10000,30-Mar-2017,07-Oct-2016,7.8,11000,30-Mar-2017
22-Jun-2016,644.55,9000,28-Dec-2017,22-Jun-2016,301,10000,28-Dec-2017,22-Jun-2016,124.75,11000,28-Dec-2017,26-Dec-2016,198.65,9000,28-Sep-2017,26-Dec-2016,50.5,10000,28-Sep-2017,26-Dec-2016,10.05,11000,28-Sep-2017,22-Jun-2016,404.9,9000,29-Jun-2017,22-Jun-2016,138.85,10000,29-Jun-2017,22-Jun-2016,38.65,11000,29-Jun-2017,27-Jun-2016,302.4,9000,30-Mar-2017,27-Jun-2016,94.85,10000,30-Mar-2017,10-Oct-2016,6.15,11000,30-Mar-2017
23-Jun-2016,683.05,9000,28-Dec-2017,23-Jun-2016,324.7,10000,28-Dec-2017,23-Jun-2016,137.2,11000,28-Dec-2017,27-Dec-2016,267.85,9000,28-Sep-2017,27-Dec-2016,81.3,10000,28-Sep-2017,27-Dec-2016,20.1,11000,28-Sep-2017,23-Jun-2016,437.2,9000,29-Jun-2017,23-Jun-2016,154.2,10000,29-Jun-2017,23-Jun-2016,44.25,11000,29-Jun-2017,28-Jun-2016,303.85,9000,30-Mar-2017,28-Jun-2016,92.75,10000,30-Mar-2017,13-Oct-2016,7,11000,30-Mar-2017
24-Jun-2016,696.55,9000,28-Dec-2017,24-Jun-2016,370.4,10000,28-Dec-2017,24-Jun-2016,183.55,11000,28-Dec-2017,28-Dec-2016,253.85,9000,28-Sep-2017,28-Dec-2016,73,10000,28-Sep-2017,28-Dec-2016,16.8,11000,28-Sep-2017,24-Jun-2016,446.85,9000,29-Jun-2017,24-Jun-2016,185.85,10000,29-Jun-2017,24-Jun-2016,68.05,11000,29-Jun-2017,29-Jun-2016,336,9000,30-Mar-2017,29-Jun-2016,106.3,10000,30-Mar-2017,14-Oct-2016,5.75,11000,30-Mar-2017
27-Jun-2016,674.4,9000,28-Dec-2017,27-Jun-2016,349.55,10000,28-Dec-2017,27-Jun-2016,167.6,11000,28-Dec-2017,29-Dec-2016,277.35,9000,28-Sep-2017,29-Dec-2016,81.75,10000,28-Sep-2017,29-Dec-2016,19.25,11000,28-Sep-2017,27-Jun-2016,428.05,9000,29-Jun-2017,27-Jun-2016,171.1,10000,29-Jun-2017,27-Jun-2016,59.45,11000,29-Jun-2017,30-Jun-2016,376,9000,30-Mar-2017,30-Jun-2016,124.5,10000,30-Mar-2017,17-Oct-2016,4.2,11000,30-Mar-2017
28-Jun-2016,677.3,9000,28-Dec-2017,28-Jun-2016,346.4,10000,28-Dec-2017,28-Jun-2016,162.95,11000,28-Dec-2017,30-Dec-2016,313.1,9000,28-Sep-2017,30-Dec-2016,96.85,10000,28-Sep-2017,30-Dec-2016,24.1,11000,28-Sep-2017,28-Jun-2016,429.9,9000,29-Jun-2017,28-Jun-2016,168.4,10000,29-Jun-2017,28-Jun-2016,56.75,11000,29-Jun-2017,01-Jul-2016,382.45,9000,30-Mar-2017,01-Jul-2016,110.95,10000,30-Mar-2017,18-Oct-2016,14.2,11000,30-Mar-2017
29-Jun-2016,722.3,9000,28-Dec-2017,29-Jun-2016,375.85,10000,28-Dec-2017,29-Jun-2016,180.1,11000,28-Dec-2017,02-Jan-2017,292.5,9000,28-Sep-2017,02-Jan-2017,55,10000,28-Sep-2017,02-Jan-2017,19.4,11000,28-Sep-2017,29-Jun-2016,467.35,9000,29-Jun-2017,29-Jun-2016,188,10000,29-Jun-2017,29-Jun-2016,65.2,11000,29-Jun-2017,04-Jul-2016,386.8,9000,30-Mar-2017,04-Jul-2016,122.95,10000,30-Mar-2017,19-Oct-2016,11.15,11000,30-Mar-2017
30-Jun-2016,776.65,9000,28-Dec-2017,30-Jun-2016,413.15,10000,28-Dec-2017,30-Jun-2016,112.05,11000,28-Dec-2017,03-Jan-2017,282.8,9000,28-Sep-2017,03-Jan-2017,78.2,10000,28-Sep-2017,03-Jan-2017,16.65,11000,28-Sep-2017,30-Jun-2016,513.25,9000,29-Jun-2017,30-Jun-2016,213.8,10000,29-Jun-2017,30-Jun-2016,76.95,11000,29-Jun-2017,05-Jul-2016,357.95,9000,30-Mar-2017,05-Jul-2016,107.75,10000,30-Mar-2017,20-Oct-2016,10.7,11000,30-Mar-2017
01-Jul-2016,784.25,9000,28-Dec-2017,01-Jul-2016,413.25,10000,28-Dec-2017,01-Jul-2016,200,11000,28-Dec-2017,04-Jan-2017,269,9000,28-Sep-2017,04-Jan-2017,70.15,10000,28-Sep-2017,04-Jan-2017,13.8,11000,28-Sep-2017,01-Jul-2016,520.25,9000,29-Jun-2017,01-Jul-2016,213.75,10000,29-Jun-2017,01-Jul-2016,75.25,11000,29-Jun-2017,07-Jul-2016,342.05,9000,30-Mar-2017,07-Jul-2016,97.35,10000,30-Mar-2017,21-Oct-2016,8.5,11000,30-Mar-2017
04-Jul-2016,789.3,9000,28-Dec-2017,04-Jul-2016,411.4,10000,28-Dec-2017,04-Jul-2016,195.85,11000,28-Dec-2017,05-Jan-2017,309.8,9000,28-Sep-2017,05-Jan-2017,86.65,10000,28-Sep-2017,05-Jan-2017,18.5,11000,28-Sep-2017,04-Jul-2016,525,9000,29-Jun-2017,04-Jul-2016,212.15,10000,29-Jun-2017,04-Jul-2016,72.7,11000,29-Jun-2017,08-Jul-2016,321.7,9000,30-Mar-2017,08-Jul-2016,86.2,10000,30-Mar-2017,24-Oct-2016,6.85,11000,30-Mar-2017
05-Jul-2016,670,9000,28-Dec-2017,05-Jul-2016,381.15,10000,28-Dec-2017,05-Jul-2016,175.65,11000,28-Dec-2017,06-Jan-2017,286.85,9000,28-Sep-2017,06-Jan-2017,50,10000,28-Sep-2017,06-Jan-2017,14.9,11000,28-Sep-2017,05-Jul-2016,492.15,9000,29-Jun-2017,05-Jul-2016,191.15,10000,29-Jun-2017,05-Jul-2016,62.2,11000,29-Jun-2017,11-Jul-2016,430.85,9000,30-Mar-2017,11-Jul-2016,143.45,10000,30-Mar-2017,25-Oct-2016,5.2,11000,30-Mar-2017
07-Jul-2016,680,9000,28-Dec-2017,07-Jul-2016,360.85,10000,28-Dec-2017,07-Jul-2016,160.5,11000,28-Dec-2017,09-Jan-2017,267.15,9000,28-Sep-2017,09-Jan-2017,65.3,10000,28-Sep-2017,09-Jan-2017,11.6,11000,28-Sep-2017,07-Jul-2016,474.1,9000,29-Jun-2017,07-Jul-2016,176.5,10000,29-Jun-2017,07-Jul-2016,54.35,11000,29-Jun-2017,12-Jul-2016,330,9000,30-Mar-2017,12-Jul-2016,149.05,10000,30-Mar-2017,26-Oct-2016,4.1,11000,30-Mar-2017
08-Jul-2016,702.2,9000,28-Dec-2017,08-Jul-2016,337.65,10000,28-Dec-2017,08-Jul-2016,144.7,11000,28-Dec-2017,10-Jan-2017,284.1,9000,28-Sep-2017,10-Jan-2017,70.05,10000,28-Sep-2017,10-Jan-2017,12.45,11000,28-Sep-2017,08-Jul-2016,450.75,9000,29-Jun-2017,08-Jul-2016,160.55,10000,29-Jun-2017,08-Jul-2016,46.55,11000,29-Jun-2017,13-Jul-2016,431.85,9000,30-Mar-2017,13-Jul-2016,136.8,10000,30-Mar-2017,27-Oct-2016,3.15,11000,30-Mar-2017
11-Jul-2016,700,9000,28-Dec-2017,11-Jul-2016,453.15,10000,28-Dec-2017,11-Jul-2016,222.1,11000,28-Dec-2017,11-Jan-2017,334.7,9000,28-Sep-2017,11-Jan-2017,91.25,10000,28-Sep-2017,11-Jan-2017,18.45,11000,28-Sep-2017,11-Jul-2016,575.4,9000,29-Jun-2017,11-Jul-2016,241.05,10000,29-Jun-2017,11-Jul-2016,86.25,11000,29-Jun-2017,14-Jul-2016,339,9000,30-Mar-2017,14-Jul-2016,75,10000,30-Mar-2017,28-Oct-2016,2.7,11000,30-Mar-2017
12-Jul-2016,720,9000,28-Dec-2017,12-Jul-2016,463.6,10000,28-Dec-2017,12-Jul-2016,226,11000,28-Dec-2017,12-Jan-2017,334.9,9000,28-Sep-2017,12-Jan-2017,88.35,10000,28-Sep-2017,12-Jan-2017,16.9,11000,28-Sep-2017,12-Jul-2016,594.65,9000,29-Jun-2017,12-Jul-2016,248.2,10000,29-Jun-2017,12-Jul-2016,88.25,11000,29-Jun-2017,15-Jul-2016,349,9000,30-Mar-2017,15-Jul-2016,124.8,10000,30-Mar-2017,30-Oct-2016,1.9,11000,30-Mar-2017
13-Jul-2016,730,9000,28-Dec-2017,13-Jul-2016,441.65,10000,28-Dec-2017,13-Jul-2016,208.6,11000,28-Dec-2017,13-Jan-2017,319.05,9000,28-Sep-2017,13-Jan-2017,79.2,10000,28-Sep-2017,13-Jan-2017,13.85,11000,28-Sep-2017,13-Jul-2016,575.8,9000,29-Jun-2017,13-Jul-2016,232.35,10000,29-Jun-2017,13-Jul-2016,78.5,11000,29-Jun-2017,18-Jul-2016,388.8,9000,30-Mar-2017,18-Jul-2016,108.5,10000,30-Mar-2017,01-Nov-2016,1.35,11000,30-Mar-2017
14-Jul-2016,760,9000,28-Dec-2017,14-Jul-2016,340,10000,28-Dec-2017,14-Jul-2016,209.2,11000,28-Dec-2017,16-Jan-2017,308.75,9000,28-Sep-2017,16-Jan-2017,72.05,10000,28-Sep-2017,16-Jan-2017,11.5,11000,28-Sep-2017,14-Jul-2016,590.1,9000,29-Jun-2017,14-Jul-2016,236.05,10000,29-Jun-2017,14-Jul-2016,78.65,11000,29-Jun-2017,19-Jul-2016,386.15,9000,30-Mar-2017,19-Jul-2016,103.65,10000,30-Mar-2017,02-Nov-2016,1.55,11000,30-Mar-2017
15-Jul-2016,760,9000,28-Dec-2017,15-Jul-2016,340,10000,28-Dec-2017,15-Jul-2016,189.8,11000,28-Dec-2017,17-Jan-2017,289.15,9000,28-Sep-2017,17-Jan-2017,62.7,10000,28-Sep-2017,17-Jan-2017,9,11000,28-Sep-2017,15-Jul-2016,561.55,9000,29-Jun-2017,15-Jul-2016,216.35,10000,29-Jun-2017,15-Jul-2016,68.2,11000,29-Jun-2017,20-Jul-2016,394.95,9000,30-Mar-2017,20-Jul-2016,75,10000,30-Mar-2017,03-Nov-2016,1.05,11000,30-Mar-2017
18-Jul-2016,770,9000,28-Dec-2017,18-Jul-2016,345,10000,28-Dec-2017,18-Jul-2016,170.1,11000,28-Dec-2017,18-Jan-2017,286.55,9000,28-Sep-2017,18-Jan-2017,59.3,10000,28-Sep-2017,18-Jan-2017,7.9,11000,28-Sep-2017,18-Jul-2016,527.95,9000,29-Jun-2017,18-Jul-2016,194.55,10000,29-Jun-2017,18-Jul-2016,57.7,11000,29-Jun-2017,21-Jul-2016,362.25,9000,30-Mar-2017,21-Jul-2016,91.1,10000,30-Mar-2017,04-Nov-2016,0.75,11000,30-Mar-2017
19-Jul-2016,789.85,9000,28-Dec-2017,19-Jul-2016,330.25,10000,28-Dec-2017,19-Jul-2016,161.9,11000,28-Dec-2017,19-Jan-2017,283.55,9000,28-Sep-2017,19-Jan-2017,55.75,10000,28-Sep-2017,19-Jan-2017,6.8,11000,28-Sep-2017,19-Jul-2016,525,9000,29-Jun-2017,19-Jul-2016,188.05,10000,29-Jun-2017,19-Jul-2016,53.3,11000,29-Jun-2017,22-Jul-2016,367.85,9000,30-Mar-2017,22-Jul-2016,90.2,10000,30-Mar-2017,07-Nov-2016,0.9,11000,30-Mar-2017
20-Jul-2016,765,9000,28-Dec-2017,20-Jul-2016,355.1,10000,28-Dec-2017,20-Jul-2016,159.95,11000,28-Dec-2017,20-Jan-2017,258.65,9000,28-Sep-2017,20-Jan-2017,51.65,10000,28-Sep-2017,20-Jan-2017,6.65,11000,28-Sep-2017,20-Jul-2016,534.45,9000,29-Jun-2017,20-Jul-2016,188.95,10000,29-Jun-2017,20-Jul-2016,52.25,11000,29-Jun-2017,25-Jul-2016,428.6,9000,30-Mar-2017,25-Jul-2016,72,10000,30-Mar-2017,08-Nov-2016,0.95,11000,30-Mar-2017
21-Jul-2016,751,9000,28-Dec-2017,21-Jul-2016,345,10000,28-Dec-2017,21-Jul-2016,145.1,11000,28-Dec-2017,23-Jan-2017,267.2,9000,28-Sep-2017,23-Jan-2017,52.45,10000,28-Sep-2017,23-Jan-2017,6.5,11000,28-Sep-2017,21-Jul-2016,498.05,9000,29-Jun-2017,21-Jul-2016,170.4,10000,29-Jun-2017,21-Jul-2016,45.25,11000,29-Jun-2017,26-Jul-2016,395.9,9000,30-Mar-2017,26-Jul-2016,102.35,10000,30-Mar-2017,09-Nov-2016,1.05,11000,30-Mar-2017
22-Jul-2016,756,9000,28-Dec-2017,22-Jul-2016,355.05,10000,28-Dec-2017,22-Jul-2016,141.95,11000,28-Dec-2017,24-Jan-2017,315.65,9000,28-Sep-2017,24-Jan-2017,70.05,10000,28-Sep-2017,24-Jan-2017,10.2,11000,28-Sep-2017,22-Jul-2016,504.35,9000,29-Jun-2017,22-Jul-2016,169.4,10000,29-Jun-2017,22-Jul-2016,43.5,11000,29-Jun-2017,27-Jul-2016,397.8,9000,30-Mar-2017,27-Jul-2016,99.55,10000,30-Mar-2017,10-Nov-2016,2,11000,30-Mar-2017
25-Jul-2016,818.9,9000,28-Dec-2017,25-Jul-2016,379,10000,28-Dec-2017,25-Jul-2016,176.3,11000,28-Dec-2017,25-Jan-2017,414.85,9000,28-Sep-2017,25-Jan-2017,116.7,10000,28-Sep-2017,25-Jan-2017,23.6,11000,28-Sep-2017,25-Jul-2016,572.9,9000,29-Jun-2017,25-Jul-2016,208.35,10000,29-Jun-2017,25-Jul-2016,59.55,11000,29-Jun-2017,28-Jul-2016,419.5,9000,30-Mar-2017,28-Jul-2016,105.95,10000,30-Mar-2017,11-Nov-2016,6.35,11000,30-Mar-2017
26-Jul-2016,820,9000,28-Dec-2017,26-Jul-2016,373.5,10000,28-Dec-2017,26-Jul-2016,150,11000,28-Dec-2017,27-Jan-2017,424.2,9000,28-Sep-2017,27-Jan-2017,117.1,10000,28-Sep-2017,27-Jan-2017,22.8,11000,28-Sep-2017,26-Jul-2016,536.6,9000,29-Jun-2017,26-Jul-2016,187.5,10000,29-Jun-2017,26-Jul-2016,50.8,11000,29-Jun-2017,29-Jul-2016,393.65,9000,30-Mar-2017,29-Jul-2016,93.25,10000,30-Mar-2017,15-Nov-2016,7.2,11000,30-Mar-2017
27-Jul-2016,799,9000,28-Dec-2017,27-Jul-2016,375,10000,28-Dec-2017,27-Jul-2016,152.6,11000,28-Dec-2017,30-Jan-2017,402.3,9000,28-Sep-2017,30-Jan-2017,103.8,10000,28-Sep-2017,30-Jan-2017,18.25,11000,28-Sep-2017,27-Jul-2016,538.45,9000,29-Jun-2017,27-Jul-2016,183.8,10000,29-Jun-2017,27-Jul-2016,47.85,11000,29-Jun-2017,01-Aug-2016,376.75,9000,30-Mar-2017,01-Aug-2016,94.8,10000,30-Mar-2017,16-Nov-2016,5.6,11000,30-Mar-2017
28-Jul-2016,830,9000,28-Dec-2017,28-Jul-2016,380,10000,28-Dec-2017,28-Jul-2016,150,11000,28-Dec-2017,31-Jan-2017,367.25,9000,28-Sep-2017,31-Jan-2017,91.65,10000,28-Sep-2017,31-Jan-2017,15.6,11000,28-Sep-2017,28-Jul-2016,562.15,9000,29-Jun-2017,28-Jul-2016,193.05,10000,29-Jun-2017,28-Jul-2016,50.25,11000,29-Jun-2017,02-Aug-2016,357,9000,30-Mar-2017,02-Aug-2016,77.05,10000,30-Mar-2017,17-Nov-2016,4.05,11000,30-Mar-2017
29-Jul-2016,817.05,9000,28-Dec-2017,29-Jul-2016,370.5,10000,28-Dec-2017,29-Jul-2016,159.9,11000,28-Dec-2017,01-Feb-2017,501,9000,28-Sep-2017,01-Feb-2017,164.35,10000,28-Sep-2017,01-Feb-2017,40.85,11000,28-Sep-2017,29-Jul-2016,533.65,9000,29-Jun-2017,29-Jul-2016,175.2,10000,29-Jun-2017,29-Jul-2016,42.75,11000,29-Jun-2017,03-Aug-2016,324.7,9000,30-Mar-2017,03-Aug-2016,65.8,10000,30-Mar-2017,18-Nov-2016,3,11000,30-Mar-2017
01-Aug-2016,826,9000,28-Dec-2017,01-Aug-2016,370.05,10000,28-Dec-2017,01-Aug-2016,128.5,11000,28-Dec-2017,02-Feb-2017,496.55,9000,28-Sep-2017,02-Feb-2017,157,10000,28-Sep-2017,02-Feb-2017,36.95,11000,28-Sep-2017,01-Aug-2016,515.2,9000,29-Jun-2017,01-Aug-2016,160.9,10000,29-Jun-2017,01-Aug-2016,36.3,11000,29-Jun-2017,04-Aug-2016,316.1,9000,30-Mar-2017,04-Aug-2016,60.1,10000,30-Mar-2017,21-Nov-2016,2.75,11000,30-Mar-2017
02-Aug-2016,810,9000,28-Dec-2017,02-Aug-2016,370,10000,28-Dec-2017,02-Aug-2016,138.35,11000,28-Dec-2017,03-Feb-2017,484.7,9000,28-Sep-2017,03-Feb-2017,146.6,10000,28-Sep-2017,03-Feb-2017,32.15,11000,28-Sep-2017,02-Aug-2016,492.95,9000,29-Jun-2017,02-Aug-2016,145.9,10000,29-Jun-2017,02-Aug-2016,30.5,11000,29-Jun-2017,05-Aug-2016,428.6,9000,30-Mar-2017,05-Aug-2016,75,10000,30-Mar-2017,22-Nov-2016,3.1,11000,30-Mar-2017
03-Aug-2016,779,9000,28-Dec-2017,03-Aug-2016,305.85,10000,28-Dec-2017,03-Aug-2016,109.4,11000,28-Dec-2017,06-Feb-2017,511.35,9000,28-Sep-2017,06-Feb-2017,156.3,10000,28-Sep-2017,06-Feb-2017,34.25,11000,28-Sep-2017,03-Aug-2016,457.05,9000,29-Jun-2017,03-Aug-2016,134.65,10000,29-Jun-2017,03-Aug-2016,28.55,11000,29-Jun-2017,08-Aug-2016,430.35,9000,30-Mar-2017,08-Aug-2016,108.3,10000,30-Mar-2017,23-Nov-2016,2.6,11000,30-Mar-2017
04-Aug-2016,755,9000,28-Dec-2017,04-Aug-2016,293.05,10000,28-Dec-2017,04-Aug-2016,100.5,11000,28-Dec-2017,07-Feb-2017,479.5,9000,28-Sep-2017,07-Feb-2017,138.15,10000,28-Sep-2017,07-Feb-2017,27.95,11000,28-Sep-2017,04-Aug-2016,447.35,9000,29-Jun-2017,04-Aug-2016,126,10000,29-Jun-2017,04-Aug-2016,24.85,11000,29-Jun-2017,09-Aug-2016,401.75,9000,30-Mar-2017,09-Aug-2016,94.7,10000,30-Mar-2017,24-Nov-2016,1.8,11000,30-Mar-2017
05-Aug-2016,817.8,9000,28-Dec-2017,05-Aug-2016,407.85,10000,28-Dec-2017,05-Aug-2016,135,11000,28-Dec-2017,08-Feb-2017,465.9,9000,28-Sep-2017,08-Feb-2017,57.25,10000,28-Sep-2017,08-Feb-2017,23.85,11000,28-Sep-2017,05-Aug-2016,574.3,9000,29-Jun-2017,05-Aug-2016,202.65,10000,29-Jun-2017,05-Aug-2016,55.3,11000,29-Jun-2017,10-Aug-2016,366.25,9000,30-Mar-2017,10-Aug-2016,88.6,10000,30-Mar-2017,25-Nov-2016,4.6,11000,30-Mar-2017
08-Aug-2016,830,9000,28-Dec-2017,08-Aug-2016,403.1,10000,28-Dec-2017,08-Aug-2016,149,11000,28-Dec-2017,09-Feb-2017,459.4,9000,28-Sep-2017,09-Feb-2017,120.35,10000,28-Sep-2017,09-Feb-2017,20.85,11000,28-Sep-2017,08-Aug-2016,576.45,9000,29-Jun-2017,08-Aug-2016,198.4,10000,29-Jun-2017,08-Aug-2016,51.8,11000,29-Jun-2017,11-Aug-2016,361.8,9000,30-Mar-2017,11-Aug-2016,83.45,10000,30-Mar-2017,28-Nov-2016,3.4,11000,30-Mar-2017
09-Aug-2016,819,9000,28-Dec-2017,09-Aug-2016,375.5,10000,28-Dec-2017,09-Aug-2016,147,11000,28-Dec-2017,10-Feb-2017,456.3,9000,28-Sep-2017,10-Feb-2017,114.65,10000,28-Sep-2017,10-Feb-2017,18.45,11000,28-Sep-2017,09-Aug-2016,544.9,9000,29-Jun-2017,09-Aug-2016,179.6,10000,29-Jun-2017,09-Aug-2016,43.9,11000,29-Jun-2017,12-Aug-2016,409.9,9000,30-Mar-2017,12-Aug-2016,102.6,10000,30-Mar-2017,29-Nov-2016,2.7,11000,30-Mar-2017
10-Aug-2016,750,9000,28-Dec-2017,10-Aug-2016,343,10000,28-Dec-2017,10-Aug-2016,146.95,11000,28-Dec-2017,13-Feb-2017,447.65,9000,28-Sep-2017,13-Feb-2017,106.4,10000,28-Sep-2017,13-Feb-2017,15.55,11000,28-Sep-2017,10-Aug-2016,507,9000,29-Jun-2017,10-Aug-2016,170.85,10000,29-Jun-2017,10-Aug-2016,44.15,11000,29-Jun-2017,16-Aug-2016,378.5,9000,30-Mar-2017,16-Aug-2016,87.35,10000,30-Mar-2017,30-Nov-2016,3.35,11000,30-Mar-2017
11-Aug-2016,750,9000,28-Dec-2017,11-Aug-2016,357.95,10000,28-Dec-2017,11-Aug-2016,138,11000,28-Dec-2017,14-Feb-2017,428.25,9000,28-Sep-2017,14-Feb-2017,95.25,10000,28-Sep-2017,14-Feb-2017,12.5,11000,28-Sep-2017,11-Aug-2016,501.6,9000,29-Jun-2017,11-Aug-2016,163.4,10000,29-Jun-2017,11-Aug-2016,39.95,11000,29-Jun-2017,17-Aug-2016,357.2,9000,30-Mar-2017,17-Aug-2016,76.85,10000,30-Mar-2017,01-Dec-2016,2.3,11000,30-Mar-2017
12-Aug-2016,837.5,9000,28-Dec-2017,12-Aug-2016,387.8,10000,28-Dec-2017,12-Aug-2016,161.4,11000,28-Dec-2017,15-Feb-2017,391.1,9000,28-Sep-2017,15-Feb-2017,83.75,10000,28-Sep-2017,15-Feb-2017,10.65,11000,28-Sep-2017,12-Aug-2016,555.3,9000,29-Jun-2017,12-Aug-2016,191.55,10000,29-Jun-2017,12-Aug-2016,50.4,11000,29-Jun-2017,18-Aug-2016,378.55,9000,30-Mar-2017,18-Aug-2016,82.45,10000,30-Mar-2017,02-Dec-2016,1.8,11000,30-Mar-2017
16-Aug-2016,802.2,9000,28-Dec-2017,16-Aug-2016,381,10000,28-Dec-2017,16-Aug-2016,142.85,11000,28-Dec-2017,16-Feb-2017,418.25,9000,28-Sep-2017,16-Feb-2017,91.95,10000,28-Sep-2017,16-Feb-2017,11.95,11000,28-Sep-2017,16-Aug-2016,521.25,9000,29-Jun-2017,16-Aug-2016,170.3,10000,29-Jun-2017,16-Aug-2016,41.5,11000,29-Jun-2017,19-Aug-2016,362.7,9000,30-Mar-2017,19-Aug-2016,73.6,10000,30-Mar-2017,05-Dec-2016,1.5,11000,30-Mar-2017
17-Aug-2016,763.3,9000,28-Dec-2017,17-Aug-2016,369.95,10000,28-Dec-2017,17-Aug-2016,128.3,11000,28-Dec-2017,17-Feb-2017,437.6,9000,28-Sep-2017,17-Feb-2017,96.55,10000,28-Sep-2017,17-Feb-2017,12.35,11000,28-Sep-2017,17-Aug-2016,497.35,9000,29-Jun-2017,17-Aug-2016,154.85,10000,29-Jun-2017,17-Aug-2016,35.1,11000,29-Jun-2017,22-Aug-2016,332.15,9000,30-Mar-2017,22-Aug-2016,61.9,10000,30-Mar-2017,06-Dec-2016,1.15,11000,30-Mar-2017
18-Aug-2016,790.6,9000,28-Dec-2017,18-Aug-2016,397.85,10000,28-Dec-2017,18-Aug-2016,133.7,11000,28-Dec-2017,20-Feb-2017,467.05,9000,28-Sep-2017,20-Feb-2017,105.75,10000,28-Sep-2017,20-Feb-2017,13.85,11000,28-Sep-2017,18-Aug-2016,521.1,9000,29-Jun-2017,18-Aug-2016,163.55,10000,29-Jun-2017,18-Aug-2016,37.15,11000,29-Jun-2017,23-Aug-2016,322.3,9000,30-Mar-2017,23-Aug-2016,56,10000,30-Mar-2017,07-Dec-2016,0.75,11000,30-Mar-2017
19-Aug-2016,770.3,9000,28-Dec-2017,19-Aug-2016,399,10000,28-Dec-2017,19-Aug-2016,120.9,11000,28-Dec-2017,21-Feb-2017,475.9,9000,28-Sep-2017,21-Feb-2017,105.25,10000,28-Sep-2017,21-Feb-2017,13,11000,28-Sep-2017,19-Aug-2016,503.3,9000,29-Jun-2017,19-Aug-2016,150.45,10000,29-Jun-2017,19-Aug-2016,31.65,11000,29-Jun-2017,24-Aug-2016,320.95,9000,30-Mar-2017,24-Aug-2016,52.85,10000,30-Mar-2017,08-Dec-2016,2.3,11000,30-Mar-2017
22-Aug-2016,780.25,9000,28-Dec-2017,22-Aug-2016,356.05,10000,28-Dec-2017,22-Aug-2016,106.7,11000,28-Dec-2017,22-Feb-2017,477.7,9000,28-Sep-2017,22-Feb-2017,101.65,10000,28-Sep-2017,22-Feb-2017,11.6,11000,28-Sep-2017,22-Aug-2016,469.75,9000,29-Jun-2017,22-Aug-2016,132.5,10000,29-Jun-2017,22-Aug-2016,25.85,11000,29-Jun-2017,25-Aug-2016,292.15,9000,30-Mar-2017,25-Aug-2016,66.95,10000,30-Mar-2017,09-Dec-2016,1.8,11000,30-Mar-2017
23-Aug-2016,719.8,9000,28-Dec-2017,23-Aug-2016,362.1,10000,28-Dec-2017,23-Aug-2016,97.2,11000,28-Dec-2017,23-Feb-2017,475.4,9000,28-Sep-2017,23-Feb-2017,96.4,10000,28-Sep-2017,23-Feb-2017,10,11000,28-Sep-2017,23-Aug-2016,458.45,9000,29-Jun-2017,23-Aug-2016,123.15,10000,29-Jun-2017,23-Aug-2016,22.2,11000,29-Jun-2017,26-Aug-2016,273.4,9000,30-Mar-2017,26-Aug-2016,39.15,10000,30-Mar-2017,12-Dec-2016,1.2,11000,30-Mar-2017
24-Aug-2016,785,9000,28-Dec-2017,24-Aug-2016,360,10000,28-Dec-2017,24-Aug-2016,91.3,11000,28-Dec-2017,27-Feb-2017,437.2,9000,28-Sep-2017,27-Feb-2017,81.4,10000,28-Sep-2017,27-Feb-2017,7.45,11000,28-Sep-2017,24-Aug-2016,456.75,9000,29-Jun-2017,24-Aug-2016,118.3,10000,29-Jun-2017,24-Aug-2016,19.95,11000,29-Jun-2017,29-Aug-2016,281.2,9000,30-Mar-2017,29-Aug-2016,39.1,10000,30-Mar-2017,13-Dec-2016,1.15,11000,30-Mar-2017
25-Aug-2016,775,9000,28-Dec-2017,25-Aug-2016,356,10000,28-Dec-2017,25-Aug-2016,83.95,11000,28-Dec-2017,28-Feb-2017,416.85,9000,28-Sep-2017,28-Feb-2017,71.7,10000,28-Sep-2017,28-Feb-2017,5.75,11000,28-Sep-2017,25-Aug-2016,424.65,9000,29-Jun-2017,25-Aug-2016,106.7,10000,29-Jun-2017,25-Aug-2016,17.5,11000,29-Jun-2017,30-Aug-2016,225,9000,30-Mar-2017,30-Aug-2016,67.65,10000,30-Mar-2017,14-Dec-2016,0.75,11000,30-Mar-2017
26-Aug-2016,744,9000,28-Dec-2017,26-Aug-2016,321,10000,28-Dec-2017,26-Aug-2016,110,11000,28-Dec-2017,01-Mar-2017,463.25,9000,28-Sep-2017,01-Mar-2017,87.75,10000,28-Sep-2017,01-Mar-2017,8.05,11000,28-Sep-2017,26-Aug-2016,403.3,9000,29-Jun-2017,26-Aug-2016,95.25,10000,29-Jun-2017,26-Aug-2016,14.25,11000,29-Jun-2017,31-Aug-2016,396.55,9000,30-Mar-2017,31-Aug-2016,75,10000,30-Mar-2017,15-Dec-2016,0.45,11000,30-Mar-2017
29-Aug-2016,735,9000,28-Dec-2017,29-Aug-2016,317.55,10000,28-Dec-2017,29-Aug-2016,73.35,11000,28-Dec-2017,02-Mar-2017,430.1,9000,28-Sep-2017,02-Mar-2017,76.25,10000,28-Sep-2017,02-Mar-2017,6.4,11000,28-Sep-2017,29-Aug-2016,412.85,9000,29-Jun-2017,29-Aug-2016,95.9,10000,29-Jun-2017,29-Aug-2016,13.75,11000,29-Jun-2017,01-Sep-2016,400.65,9000,30-Mar-2017,01-Sep-2016,81.45,10000,30-Mar-2017,16-Dec-2016,0.3,11000,30-Mar-2017
30-Aug-2016,828.7,9000,28-Dec-2017,30-Aug-2016,370,10000,28-Dec-2017,30-Aug-2016,144.35,11000,28-Dec-2017,03-Mar-2017,418.5,9000,28-Sep-2017,03-Mar-2017,69,10000,28-Sep-2017,03-Mar-2017,5.05,11000,28-Sep-2017,30-Aug-2016,551.1,9000,29-Jun-2017,30-Aug-2016,175.45,10000,29-Jun-2017,30-Aug-2016,40.3,11000,29-Jun-2017,02-Sep-2016,413.85,9000,30-Mar-2017,02-Sep-2016,83.05,10000,30-Mar-2017,19-Dec-2016,0.15,11000,30-Mar-2017
31-Aug-2016,855,9000,28-Dec-2017,31-Aug-2016,400,10000,28-Dec-2017,31-Aug-2016,133.1,11000,28-Dec-2017,06-Mar-2017,461.85,9000,28-Sep-2017,06-Mar-2017,83.25,10000,28-Sep-2017,06-Mar-2017,6.9,11000,28-Sep-2017,31-Aug-2016,568.05,9000,29-Jun-2017,31-Aug-2016,180.1,10000,29-Jun-2017,31-Aug-2016,40.7,11000,29-Jun-2017,06-Sep-2016,529.05,9000,30-Mar-2017,06-Sep-2016,140.25,10000,30-Mar-2017,20-Dec-2016,0.1,11000,30-Mar-2017
01-Sep-2016,824.85,9000,28-Dec-2017,01-Sep-2016,363.45,10000,28-Dec-2017,01-Sep-2016,131.8,11000,28-Dec-2017,07-Mar-2017,441,9000,28-Sep-2017,07-Mar-2017,73.2,10000,28-Sep-2017,07-Mar-2017,5.25,11000,28-Sep-2017,01-Sep-2016,548.25,9000,29-Jun-2017,01-Sep-2016,165.65,10000,29-Jun-2017,01-Sep-2016,34.65,11000,29-Jun-2017,07-Sep-2016,502.15,9000,30-Mar-2017,07-Sep-2016,124.75,10000,30-Mar-2017,21-Dec-2016,0.05,11000,30-Mar-2017
02-Sep-2016,841.25,9000,28-Dec-2017,02-Sep-2016,394.9,10000,28-Dec-2017,02-Sep-2016,137.6,11000,28-Dec-2017,08-Mar-2017,417.85,9000,28-Sep-2017,08-Mar-2017,63.7,10000,28-Sep-2017,08-Mar-2017,3.95,11000,28-Sep-2017,02-Sep-2016,562.7,9000,29-Jun-2017,02-Sep-2016,168.4,10000,29-Jun-2017,02-Sep-2016,34.3,11000,29-Jun-2017,08-Sep-2016,515.05,9000,30-Mar-2017,08-Sep-2016,126,10000,30-Mar-2017,22-Dec-2016,0.05,11000,30-Mar-2017
06-Sep-2016,920,9000,28-Dec-2017,06-Sep-2016,474.55,10000,28-Dec-2017,06-Sep-2016,159.9,11000,28-Dec-2017,09-Mar-2017,409.55,9000,28-Sep-2017,09-Mar-2017,57.9,10000,28-Sep-2017,09-Mar-2017,3.1,11000,28-Sep-2017,06-Sep-2016,690.25,9000,29-Jun-2017,06-Sep-2016,250.5,10000,29-Jun-2017,06-Sep-2016,68.3,11000,29-Jun-2017,09-Sep-2016,467.25,9000,30-Mar-2017,09-Sep-2016,100,10000,30-Mar-2017,23-Dec-2016,0.05,11000,30-Mar-2017
07-Sep-2016,930,9000,28-Dec-2017,07-Sep-2016,468,10000,28-Dec-2017,07-Sep-2016,188.05,11000,28-Dec-2017,10-Mar-2017,405.35,9000,28-Sep-2017,10-Mar-2017,53.4,10000,28-Sep-2017,10-Mar-2017,2.45,11000,28-Sep-2017,07-Sep-2016,661.25,9000,29-Jun-2017,07-Sep-2016,229.9,10000,29-Jun-2017,07-Sep-2016,58.8,11000,29-Jun-2017,12-Sep-2016,421.5,9000,30-Mar-2017,12-Sep-2016,80,10000,30-Mar-2017,26-Dec-2016,0.3,11000,30-Mar-2017
08-Sep-2016,942.5,9000,28-Dec-2017,08-Sep-2016,470.25,10000,28-Dec-2017,08-Sep-2016,186.1,11000,28-Dec-2017,14-Mar-2017,563.25,9000,28-Sep-2017,14-Mar-2017,132.35,10000,28-Sep-2017,14-Mar-2017,16.8,11000,28-Sep-2017,08-Sep-2016,674.25,9000,29-Jun-2017,08-Sep-2016,231.75,10000,29-Jun-2017,08-Sep-2016,57.65,11000,29-Jun-2017,14-Sep-2016,411.95,9000,30-Mar-2017,14-Sep-2016,80,10000,30-Mar-2017,27-Dec-2016,0.5,11000,30-Mar-2017
09-Sep-2016,891.5,9000,28-Dec-2017,09-Sep-2016,442,10000,28-Dec-2017,09-Sep-2016,175.3,11000,28-Dec-2017,15-Mar-2017,551.55,9000,28-Sep-2017,15-Mar-2017,122.55,10000,28-Sep-2017,15-Mar-2017,13.95,11000,28-Sep-2017,09-Sep-2016,624.25,9000,29-Jun-2017,09-Sep-2016,211.8,10000,29-Jun-2017,09-Sep-2016,52.8,11000,29-Jun-2017,15-Sep-2016,407.75,9000,30-Mar-2017,15-Sep-2016,97,10000,30-Mar-2017,28-Dec-2016,2.35,11000,30-Mar-2017
12-Sep-2016,819.95,9000,28-Dec-2017,12-Sep-2016,385,10000,28-Dec-2017,12-Sep-2016,130,11000,28-Dec-2017,16-Mar-2017,602.75,9000,28-Sep-2017,16-Mar-2017,143.3,10000,28-Sep-2017,16-Mar-2017,18.05,11000,28-Sep-2017,12-Sep-2016,579.7,9000,29-Jun-2017,12-Sep-2016,212.75,10000,29-Jun-2017,12-Sep-2016,61.65,11000,29-Jun-2017,16-Sep-2016,419.2,9000,30-Mar-2017,16-Sep-2016,98.05,10000,30-Mar-2017,29-Dec-2016,0.95,11000,30-Mar-2017
14-Sep-2016,820,9000,28-Dec-2017,14-Sep-2016,360,10000,28-Dec-2017,14-Sep-2016,125,11000,28-Dec-2017,17-Mar-2017,597.95,9000,28-Sep-2017,17-Mar-2017,135.65,10000,28-Sep-2017,17-Mar-2017,15.5,11000,28-Sep-2017,14-Sep-2016,568.7,9000,29-Jun-2017,14-Sep-2016,201.15,10000,29-Jun-2017,14-Sep-2016,55.05,11000,29-Jun-2017,19-Sep-2016,421.65,9000,30-Mar-2017,19-Sep-2016,75,10000,30-Mar-2017,30-Dec-2016,1.3,11000,30-Mar-2017
15-Sep-2016,800,9000,28-Dec-2017,15-Sep-2016,408.3,10000,28-Dec-2017,15-Sep-2016,135.6,11000,28-Dec-2017,20-Mar-2017,563.3,9000,28-Sep-2017,20-Mar-2017,118.5,10000,28-Sep-2017,20-Mar-2017,11.8,11000,28-Sep-2017,15-Sep-2016,563.4,9000,29-Jun-2017,15-Sep-2016,193,10000,29-Jun-2017,15-Sep-2016,50.1,11000,29-Jun-2017,20-Sep-2016,393.3,9000,30-Mar-2017,20-Sep-2016,75,10000,30-Mar-2017,02-Jan-2017,1.05,11000,30-Mar-2017
16-Sep-2016,820,9000,28-Dec-2017,16-Sep-2016,385,10000,28-Dec-2017,16-Sep-2016,168.85,11000,28-Dec-2017,21-Mar-2017,551.65,9000,28-Sep-2017,21-Mar-2017,100,10000,28-Sep-2017,21-Mar-2017,9.65,11000,28-Sep-2017,16-Sep-2016,575.55,9000,29-Jun-2017,16-Sep-2016,194.75,10000,29-Jun-2017,16-Sep-2016,49.25,11000,29-Jun-2017,21-Sep-2016,381.55,9000,30-Mar-2017,21-Sep-2016,74.45,10000,30-Mar-2017,03-Jan-2017,0.9,11000,30-Mar-2017
19-Sep-2016,866.3,9000,28-Dec-2017,19-Sep-2016,405,10000,28-Dec-2017,19-Sep-2016,130.05,11000,28-Dec-2017,22-Mar-2017,499.75,9000,28-Sep-2017,22-Mar-2017,98.8,10000,28-Sep-2017,22-Mar-2017,9.45,11000,28-Sep-2017,19-Sep-2016,578.4,9000,29-Jun-2017,19-Sep-2016,190.25,10000,29-Jun-2017,19-Sep-2016,45.95,11000,29-Jun-2017,22-Sep-2016,443.65,9000,30-Mar-2017,22-Sep-2016,98.65,10000,30-Mar-2017,04-Jan-2017,0.05,11000,30-Mar-2017
20-Sep-2016,846.45,9000,28-Dec-2017,20-Sep-2016,386.7,10000,28-Dec-2017,20-Sep-2016,135,11000,28-Dec-2017,23-Mar-2017,536.75,9000,28-Sep-2017,23-Mar-2017,110.95,10000,28-Sep-2017,23-Mar-2017,11.1,11000,28-Sep-2017,20-Sep-2016,547.1,9000,29-Jun-2017,20-Sep-2016,171.75,10000,29-Jun-2017,20-Sep-2016,38.6,11000,29-Jun-2017,23-Sep-2016,413.85,9000,30-Mar-2017,23-Sep-2016,74,10000,30-Mar-2017,05-Jan-2017,0.05,11000,30-Mar-2017
21-Sep-2016,814.85,9000,28-Dec-2017,21-Sep-2016,402.4,10000,28-Dec-2017,21-Sep-2016,140,11000,28-Dec-2017,24-Mar-2017,734.95,9000,28-Sep-2017,24-Mar-2017,108.75,10000,28-Sep-2017,24-Mar-2017,10.05,11000,28-Sep-2017,21-Sep-2016,533.45,9000,29-Jun-2017,21-Sep-2016,160.2,10000,29-Jun-2017,21-Sep-2016,33.45,11000,29-Jun-2017,26-Sep-2016,368.35,9000,30-Mar-2017,26-Sep-2016,61,10000,30-Mar-2017,06-Jan-2017,1.65,11000,30-Mar-2017
22-Sep-2016,866,9000,28-Dec-2017,22-Sep-2016,420.6,10000,28-Dec-2017,22-Sep-2016,140,11000,28-Dec-2017,27-Mar-2017,495.5,9000,28-Sep-2017,27-Mar-2017,92.95,10000,28-Sep-2017,27-Mar-2017,8,11000,28-Sep-2017,22-Sep-2016,601.95,9000,29-Jun-2017,22-Sep-2016,196.8,10000,29-Jun-2017,22-Sep-2016,46.45,11000,29-Jun-2017,27-Sep-2016,347.9,9000,30-Mar-2017,27-Sep-2016,60,10000,30-Mar-2017,09-Jan-2017,1.1,11000,30-Mar-2017
23-Sep-2016,870,9000,28-Dec-2017,23-Sep-2016,401,10000,28-Dec-2017,23-Sep-2016,132.3,11000,28-Dec-2017,28-Mar-2017,532.9,9000,28-Sep-2017,28-Mar-2017,104.95,10000,28-Sep-2017,28-Mar-2017,9.5,11000,28-Sep-2017,23-Sep-2016,569.55,9000,29-Jun-2017,23-Sep-2016,178,10000,29-Jun-2017,23-Sep-2016,39.15,11000,29-Jun-2017,28-Sep-2016,359.65,9000,30-Mar-2017,28-Sep-2016,69,10000,30-Mar-2017,10-Jan-2017,0.05,11000,30-Mar-2017
26-Sep-2016,790,9000,28-Dec-2017,26-Sep-2016,335.1,10000,28-Dec-2017,26-Sep-2016,147.05,11000,28-Dec-2017,,,,,,,,,,,,,26-Sep-2016,522.75,9000,29-Jun-2017,26-Sep-2016,166.05,10000,29-Jun-2017,26-Sep-2016,38.55,11000,29-Jun-2017,29-Sep-2016,328.35,9000,30-Mar-2017,29-Sep-2016,50,10000,30-Mar-2017,11-Jan-2017,0.95,11000,30-Mar-2017
27-Sep-2016,774,9000,28-Dec-2017,27-Sep-2016,335.05,10000,28-Dec-2017,27-Sep-2016,120,11000,28-Dec-2017,,,,,,,,,,,,,27-Sep-2016,499.55,9000,29-Jun-2017,27-Sep-2016,150.9,10000,29-Jun-2017,27-Sep-2016,32.45,11000,29-Jun-2017,30-Sep-2016,260.55,9000,30-Mar-2017,30-Sep-2016,55,10000,30-Mar-2017,12-Jan-2017,1,11000,30-Mar-2017
28-Sep-2016,793.2,9000,28-Dec-2017,28-Sep-2016,340,10000,28-Dec-2017,28-Sep-2016,115,11000,28-Dec-2017,,,,,,,,,,,,,28-Sep-2016,511.9,9000,29-Jun-2017,28-Sep-2016,152.85,10000,29-Jun-2017,28-Sep-2016,32,11000,29-Jun-2017,03-Oct-2016,300,9000,30-Mar-2017,03-Oct-2016,104.8,10000,30-Mar-2017,13-Jan-2017,0.05,11000,30-Mar-2017
29-Sep-2016,693,9000,28-Dec-2017,29-Sep-2016,320.05,10000,28-Dec-2017,29-Sep-2016,153.95,11000,28-Dec-2017,,,,,,,,,,,,,29-Sep-2016,481.4,9000,29-Jun-2017,29-Sep-2016,160.5,10000,29-Jun-2017,29-Sep-2016,41.5,11000,29-Jun-2017,04-Oct-2016,350,9000,30-Mar-2017,04-Oct-2016,102.9,10000,30-Mar-2017,16-Jan-2017,1,11000,30-Mar-2017
30-Sep-2016,690.15,9000,28-Dec-2017,30-Sep-2016,301.05,10000,28-Dec-2017,30-Sep-2016,110,11000,28-Dec-2017,,,,,,,,,,,,,30-Sep-2016,477.35,9000,29-Jun-2017,30-Sep-2016,153.9,10000,29-Jun-2017,30-Sep-2016,37.7,11000,29-Jun-2017,05-Oct-2016,338.95,9000,30-Mar-2017,05-Oct-2016,88.9,10000,30-Mar-2017,17-Jan-2017,1.15,11000,30-Mar-2017
03-Oct-2016,750,9000,28-Dec-2017,03-Oct-2016,340,10000,28-Dec-2017,03-Oct-2016,199.9,11000,28-Dec-2017,,,,,,,,,,,,,03-Oct-2016,575.25,9000,29-Jun-2017,03-Oct-2016,211.1,10000,29-Jun-2017,03-Oct-2016,61.35,11000,29-Jun-2017,06-Oct-2016,318.85,9000,30-Mar-2017,06-Oct-2016,59.95,10000,30-Mar-2017,18-Jan-2017,0,11000,30-Mar-2017
04-Oct-2016,777.85,9000,28-Dec-2017,04-Oct-2016,340,10000,28-Dec-2017,04-Oct-2016,112.6,11000,28-Dec-2017,,,,,,,,,,,,,04-Oct-2016,579.6,9000,29-Jun-2017,04-Oct-2016,208.35,10000,29-Jun-2017,04-Oct-2016,58.45,11000,29-Jun-2017,07-Oct-2016,309.9,9000,30-Mar-2017,07-Oct-2016,49,10000,30-Mar-2017,19-Jan-2017,0.65,11000,30-Mar-2017
05-Oct-2016,772.9,9000,28-Dec-2017,05-Oct-2016,331,10000,28-Dec-2017,05-Oct-2016,101,11000,28-Dec-2017,,,,,,,,,,,,,05-Oct-2016,545.65,9000,29-Jun-2017,05-Oct-2016,186.65,10000,29-Jun-2017,05-Oct-2016,48.8,11000,29-Jun-2017,10-Oct-2016,302.15,9000,30-Mar-2017,10-Oct-2016,60.1,10000,30-Mar-2017,20-Jan-2017,0.55,11000,30-Mar-2017
06-Oct-2016,732.1,9000,28-Dec-2017,06-Oct-2016,316,10000,28-Dec-2017,06-Oct-2016,109,11000,28-Dec-2017,,,,,,,,,,,,,06-Oct-2016,512.85,9000,29-Jun-2017,06-Oct-2016,167.1,10000,29-Jun-2017,06-Oct-2016,40.75,11000,29-Jun-2017,13-Oct-2016,245.6,9000,30-Mar-2017,13-Oct-2016,57.35,10000,30-Mar-2017,23-Jan-2017,0.75,11000,30-Mar-2017
07-Oct-2016,749.9,9000,28-Dec-2017,07-Oct-2016,309.3,10000,28-Dec-2017,07-Oct-2016,101,11000,28-Dec-2017,,,,,,,,,,,,,07-Oct-2016,490.9,9000,29-Jun-2017,07-Oct-2016,151.85,10000,29-Jun-2017,07-Oct-2016,34.45,11000,29-Jun-2017,14-Oct-2016,242.35,9000,30-Mar-2017,14-Oct-2016,35,10000,30-Mar-2017,24-Jan-2017,1.1,11000,30-Mar-2017
10-Oct-2016,755,9000,28-Dec-2017,10-Oct-2016,310,10000,28-Dec-2017,10-Oct-2016,101,11000,28-Dec-2017,,,,,,,,,,,,,10-Oct-2016,399,9000,29-Jun-2017,10-Oct-2016,141.4,10000,29-Jun-2017,10-Oct-2016,29.75,11000,29-Jun-2017,17-Oct-2016,207.3,9000,30-Mar-2017,17-Oct-2016,32,10000,30-Mar-2017,25-Jan-2017,0.85,11000,30-Mar-2017
13-Oct-2016,669.3,9000,28-Dec-2017,13-Oct-2016,264.1,10000,28-Dec-2017,13-Oct-2016,90.05,11000,28-Dec-2017,,,,,,,,,,,,,13-Oct-2016,441.3,9000,29-Jun-2017,13-Oct-2016,138.2,10000,29-Jun-2017,13-Oct-2016,32.9,11000,29-Jun-2017,18-Oct-2016,262.7,9000,30-Mar-2017,18-Oct-2016,32.25,10000,30-Mar-2017,27-Jan-2017,1.45,11000,30-Mar-2017
14-Oct-2016,670.25,9000,28-Dec-2017,14-Oct-2016,280,10000,28-Dec-2017,14-Oct-2016,100,11000,28-Dec-2017,,,,,,,,,,,,,14-Oct-2016,431.45,9000,29-Jun-2017,14-Oct-2016,129.45,10000,29-Jun-2017,14-Oct-2016,28.85,11000,29-Jun-2017,19-Oct-2016,260.4,9000,30-Mar-2017,19-Oct-2016,34.9,10000,30-Mar-2017,30-Jan-2017,1.75,11000,30-Mar-2017
17-Oct-2016,625,9000,28-Dec-2017,17-Oct-2016,245,10000,28-Dec-2017,17-Oct-2016,91,11000,28-Dec-2017,,,,,,,,,,,,,17-Oct-2016,392.55,9000,29-Jun-2017,17-Oct-2016,112.15,10000,29-Jun-2017,17-Oct-2016,23.6,11000,29-Jun-2017,20-Oct-2016,275,9000,30-Mar-2017,20-Oct-2016,35,10000,30-Mar-2017,31-Jan-2017,1.05,11000,30-Mar-2017
18-Oct-2016,705,9000,28-Dec-2017,18-Oct-2016,278.25,10000,28-Dec-2017,18-Oct-2016,100,11000,28-Dec-2017,,,,,,,,,,,,,18-Oct-2016,529.25,9000,29-Jun-2017,18-Oct-2016,190.7,10000,29-Jun-2017,18-Oct-2016,54.7,11000,29-Jun-2017,21-Oct-2016,266.5,9000,30-Mar-2017,21-Oct-2016,32,10000,30-Mar-2017,01-Feb-2017,1.45,11000,30-Mar-2017
19-Oct-2016,706.5,9000,28-Dec-2017,19-Oct-2016,270.8,10000,28-Dec-2017,19-Oct-2016,171.6,11000,28-Dec-2017,,,,,,,,,,,,,19-Oct-2016,504,9000,29-Jun-2017,19-Oct-2016,173.55,10000,29-Jun-2017,19-Oct-2016,46.65,11000,29-Jun-2017,24-Oct-2016,271.8,9000,30-Mar-2017,24-Oct-2016,40,10000,30-Mar-2017,02-Feb-2017,0.85,11000,30-Mar-2017
20-Oct-2016,744,9000,28-Dec-2017,20-Oct-2016,283.8,10000,28-Dec-2017,20-Oct-2016,100,11000,28-Dec-2017,,,,,,,,,,,,,20-Oct-2016,514.2,9000,29-Jun-2017,20-Oct-2016,174.3,10000,29-Jun-2017,20-Oct-2016,45.5,11000,29-Jun-2017,25-Oct-2016,268.45,9000,30-Mar-2017,25-Oct-2016,36,10000,30-Mar-2017,03-Feb-2017,0.85,11000,30-Mar-2017
21-Oct-2016,734.9,9000,28-Dec-2017,21-Oct-2016,284.6,10000,28-Dec-2017,21-Oct-2016,95.05,11000,28-Dec-2017,,,,,,,,,,,,,21-Oct-2016,495.85,9000,29-Jun-2017,21-Oct-2016,160.3,10000,29-Jun-2017,21-Oct-2016,39.15,11000,29-Jun-2017,26-Oct-2016,230.1,9000,30-Mar-2017,26-Oct-2016,30.25,10000,30-Mar-2017,06-Feb-2017,0.95,11000,30-Mar-2017
24-Oct-2016,743.95,9000,28-Dec-2017,24-Oct-2016,295,10000,28-Dec-2017,24-Oct-2016,95,11000,28-Dec-2017,,,,,,,,,,,,,24-Oct-2016,487.3,9000,29-Jun-2017,24-Oct-2016,150.9,10000,29-Jun-2017,24-Oct-2016,34.4,11000,29-Jun-2017,27-Oct-2016,216,9000,30-Mar-2017,27-Oct-2016,25.5,10000,30-Mar-2017,07-Feb-2017,0,11000,30-Mar-2017
25-Oct-2016,715.7,9000,28-Dec-2017,25-Oct-2016,270.85,10000,28-Dec-2017,25-Oct-2016,90,11000,28-Dec-2017,,,,,,,,,,,,,25-Oct-2016,463.6,9000,29-Jun-2017,25-Oct-2016,136,10000,29-Jun-2017,25-Oct-2016,28.65,11000,29-Jun-2017,28-Oct-2016,229,9000,30-Mar-2017,28-Oct-2016,28.05,10000,30-Mar-2017,08-Feb-2017,1,11000,30-Mar-2017
26-Oct-2016,665,9000,28-Dec-2017,26-Oct-2016,250,10000,28-Dec-2017,26-Oct-2016,83.05,11000,28-Dec-2017,,,,,,,,,,,,,26-Oct-2016,423.95,9000,29-Jun-2017,26-Oct-2016,120.65,10000,29-Jun-2017,26-Oct-2016,24.75,11000,29-Jun-2017,30-Oct-2016,242.9,9000,30-Mar-2017,30-Oct-2016,31.1,10000,30-Mar-2017,09-Feb-2017,0,11000,30-Mar-2017
27-Oct-2016,657.5,9000,28-Dec-2017,27-Oct-2016,246,10000,28-Dec-2017,27-Oct-2016,80,11000,28-Dec-2017,,,,,,,,,,,,,27-Oct-2016,409.7,9000,29-Jun-2017,27-Oct-2016,110.6,10000,29-Jun-2017,27-Oct-2016,20.9,11000,29-Jun-2017,01-Nov-2016,230,9000,30-Mar-2017,01-Nov-2016,25,10000,30-Mar-2017,10-Feb-2017,0.65,11000,30-Mar-2017
28-Oct-2016,656.05,9000,28-Dec-2017,28-Oct-2016,240.5,10000,28-Dec-2017,28-Oct-2016,80,11000,28-Dec-2017,,,,,,,,,,,,,28-Oct-2016,409.55,9000,29-Jun-2017,28-Oct-2016,106.75,10000,29-Jun-2017,28-Oct-2016,19,11000,29-Jun-2017,02-Nov-2016,191,9000,30-Mar-2017,02-Nov-2016,22,10000,30-Mar-2017,13-Feb-2017,0.7,11000,30-Mar-2017
30-Oct-2016,657,9000,28-Dec-2017,30-Oct-2016,267.1,10000,28-Dec-2017,30-Oct-2016,68.8,11000,28-Dec-2017,,,,,,,,,,,,,30-Oct-2016,388.4,9000,29-Jun-2017,30-Oct-2016,94.65,10000,29-Jun-2017,30-Oct-2016,15.2,11000,29-Jun-2017,03-Nov-2016,173.4,9000,30-Mar-2017,03-Nov-2016,16.15,10000,30-Mar-2017,14-Feb-2017,1,11000,30-Mar-2017
01-Nov-2016,651.9,9000,28-Dec-2017,01-Nov-2016,228.75,10000,28-Dec-2017,01-Nov-2016,79.1,11000,28-Dec-2017,,,,,,,,,,,,,01-Nov-2016,373.6,9000,29-Jun-2017,01-Nov-2016,85.3,10000,29-Jun-2017,01-Nov-2016,12.4,11000,29-Jun-2017,04-Nov-2016,151.05,9000,30-Mar-2017,04-Nov-2016,16,10000,30-Mar-2017,15-Feb-2017,1.3,11000,30-Mar-2017
02-Nov-2016,588.4,9000,28-Dec-2017,02-Nov-2016,207.45,10000,28-Dec-2017,02-Nov-2016,57,11000,28-Dec-2017,,,,,,,,,,,,,02-Nov-2016,342.95,9000,29-Jun-2017,02-Nov-2016,82.75,10000,29-Jun-2017,02-Nov-2016,13.55,11000,29-Jun-2017,07-Nov-2016,160.45,9000,30-Mar-2017,07-Nov-2016,18.7,10000,30-Mar-2017,16-Feb-2017,1,11000,30-Mar-2017
03-Nov-2016,566.3,9000,28-Dec-2017,03-Nov-2016,205.45,10000,28-Dec-2017,03-Nov-2016,66.45,11000,28-Dec-2017,,,,,,,,,,,,,03-Nov-2016,318.6,9000,29-Jun-2017,03-Nov-2016,71.75,10000,29-Jun-2017,03-Nov-2016,10.7,11000,29-Jun-2017,08-Nov-2016,168.35,9000,30-Mar-2017,08-Nov-2016,18.5,10000,30-Mar-2017,17-Feb-2017,1.15,11000,30-Mar-2017
04-Nov-2016,519.2,9000,28-Dec-2017,04-Nov-2016,181.05,10000,28-Dec-2017,04-Nov-2016,55,11000,28-Dec-2017,,,,,,,,,,,,,04-Nov-2016,290.8,9000,29-Jun-2017,04-Nov-2016,61.9,10000,29-Jun-2017,04-Nov-2016,8.6,11000,29-Jun-2017,09-Nov-2016,136.15,9000,30-Mar-2017,09-Nov-2016,14.95,10000,30-Mar-2017,20-Feb-2017,0.85,11000,30-Mar-2017
07-Nov-2016,542,9000,28-Dec-2017,07-Nov-2016,205,10000,28-Dec-2017,07-Nov-2016,60,11000,28-Dec-2017,,,,,,,,,,,,,07-Nov-2016,315.95,9000,29-Jun-2017,07-Nov-2016,69.4,10000,29-Jun-2017,07-Nov-2016,9.9,11000,29-Jun-2017,10-Nov-2016,159.35,9000,30-Mar-2017,10-Nov-2016,20.8,10000,30-Mar-2017,21-Feb-2017,0.7,11000,30-Mar-2017
08-Nov-2016,561.2,9000,28-Dec-2017,08-Nov-2016,195,10000,28-Dec-2017,08-Nov-2016,55,11000,28-Dec-2017,,,,,,,,,,,,,08-Nov-2016,331.85,9000,29-Jun-2017,08-Nov-2016,73,10000,29-Jun-2017,08-Nov-2016,10.3,11000,29-Jun-2017,11-Nov-2016,107.65,9000,30-Mar-2017,11-Nov-2016,15,10000,30-Mar-2017,22-Feb-2017,0.85,11000,30-Mar-2017
09-Nov-2016,500,9000,28-Dec-2017,09-Nov-2016,180.7,10000,28-Dec-2017,09-Nov-2016,64.95,11000,28-Dec-2017,,,,,,,,,,,,,09-Nov-2016,304.05,9000,29-Jun-2017,09-Nov-2016,70.5,10000,29-Jun-2017,09-Nov-2016,11.15,11000,29-Jun-2017,15-Nov-2016,70.9,9000,30-Mar-2017,15-Nov-2016,15,10000,30-Mar-2017,23-Feb-2017,0.95,11000,30-Mar-2017
10-Nov-2016,545,9000,28-Dec-2017,10-Nov-2016,197.65,10000,28-Dec-2017,10-Nov-2016,60,11000,28-Dec-2017,,,,,,,,,,,,,10-Nov-2016,358.25,9000,29-Jun-2017,10-Nov-2016,92.65,10000,29-Jun-2017,10-Nov-2016,16.9,11000,29-Jun-2017,16-Nov-2016,66.05,9000,30-Mar-2017,16-Nov-2016,11.1,10000,30-Mar-2017,27-Feb-2017,0.6,11000,30-Mar-2017
11-Nov-2016,446.8,9000,28-Dec-2017,11-Nov-2016,163,10000,28-Dec-2017,11-Nov-2016,64.9,11000,28-Dec-2017,,,,,,,,,,,,,11-Nov-2016,367.35,9000,29-Jun-2017,11-Nov-2016,140,10000,29-Jun-2017,11-Nov-2016,36.35,11000,29-Jun-2017,17-Nov-2016,60.15,9000,30-Mar-2017,17-Nov-2016,10.45,10000,30-Mar-2017,28-Feb-2017,0.4,11000,30-Mar-2017
15-Nov-2016,359.05,9000,28-Dec-2017,15-Nov-2016,120,10000,28-Dec-2017,15-Nov-2016,45.95,11000,28-Dec-2017,,,,,,,,,,,,,15-Nov-2016,193,9000,29-Jun-2017,15-Nov-2016,126.1,10000,29-Jun-2017,15-Nov-2016,40.6,11000,29-Jun-2017,18-Nov-2016,55.3,9000,30-Mar-2017,18-Nov-2016,10.5,10000,30-Mar-2017,01-Mar-2017,0.5,11000,30-Mar-2017
16-Nov-2016,349.45,9000,28-Dec-2017,16-Nov-2016,120,10000,28-Dec-2017,16-Nov-2016,37,11000,28-Dec-2017,,,,,,,,,,,,,16-Nov-2016,321.6,9000,29-Jun-2017,16-Nov-2016,44,10000,29-Jun-2017,16-Nov-2016,34.6,11000,29-Jun-2017,21-Nov-2016,39.7,9000,30-Mar-2017,21-Nov-2016,10,10000,30-Mar-2017,02-Mar-2017,0.35,11000,30-Mar-2017
17-Nov-2016,329.7,9000,28-Dec-2017,17-Nov-2016,103.6,10000,28-Dec-2017,17-Nov-2016,35.5,11000,28-Dec-2017,,,,,,,,,,,,,17-Nov-2016,294.4,9000,29-Jun-2017,17-Nov-2016,99,10000,29-Jun-2017,17-Nov-2016,28.1,11000,29-Jun-2017,22-Nov-2016,40.75,9000,30-Mar-2017,22-Nov-2016,10.5,10000,30-Mar-2017,03-Mar-2017,0.4,11000,30-Mar-2017
18-Nov-2016,326,9000,28-Dec-2017,18-Nov-2016,111.7,10000,28-Dec-2017,18-Nov-2016,38,11000,28-Dec-2017,,,,,,,,,,,,,18-Nov-2016,275.95,9000,29-Jun-2017,18-Nov-2016,87.95,10000,29-Jun-2017,18-Nov-2016,23.3,11000,29-Jun-2017,23-Nov-2016,41.15,9000,30-Mar-2017,23-Nov-2016,21.8,10000,30-Mar-2017,06-Mar-2017,0.35,11000,30-Mar-2017
21-Nov-2016,263.85,9000,28-Dec-2017,21-Nov-2016,87.9,10000,28-Dec-2017,21-Nov-2016,28,11000,28-Dec-2017,,,,,,,,,,,,,21-Nov-2016,249.15,9000,29-Jun-2017,21-Nov-2016,81.55,10000,29-Jun-2017,21-Nov-2016,22.7,11000,29-Jun-2017,24-Nov-2016,34.65,9000,30-Mar-2017,24-Nov-2016,10,10000,30-Mar-2017,07-Mar-2017,0.35,11000,30-Mar-2017
22-Nov-2016,283.55,9000,28-Dec-2017,22-Nov-2016,86.45,10000,28-Dec-2017,22-Nov-2016,32.95,11000,28-Dec-2017,,,,,,,,,,,,,22-Nov-2016,267.55,9000,29-Jun-2017,22-Nov-2016,88.2,10000,29-Jun-2017,22-Nov-2016,24.6,11000,29-Jun-2017,25-Nov-2016,43.2,9000,30-Mar-2017,25-Nov-2016,8.9,10000,30-Mar-2017,08-Mar-2017,0.35,11000,30-Mar-2017
23-Nov-2016,282.95,9000,28-Dec-2017,23-Nov-2016,92.6,10000,28-Dec-2017,23-Nov-2016,30,11000,28-Dec-2017,,,,,,,,,,,,,23-Nov-2016,263.35,9000,29-Jun-2017,23-Nov-2016,83.8,10000,29-Jun-2017,23-Nov-2016,22.25,11000,29-Jun-2017,28-Nov-2016,47.85,9000,30-Mar-2017,28-Nov-2016,9,10000,30-Mar-2017,09-Mar-2017,0.4,11000,30-Mar-2017
24-Nov-2016,266.25,9000,28-Dec-2017,24-Nov-2016,81,10000,28-Dec-2017,24-Nov-2016,29.95,11000,28-Dec-2017,,,,,,,,,,,,,24-Nov-2016,234.45,9000,29-Jun-2017,24-Nov-2016,71.1,10000,29-Jun-2017,24-Nov-2016,17.9,11000,29-Jun-2017,29-Nov-2016,49.1,9000,30-Mar-2017,29-Nov-2016,9.95,10000,30-Mar-2017,10-Mar-2017,0.45,11000,30-Mar-2017
25-Nov-2016,302.45,9000,28-Dec-2017,25-Nov-2016,94.9,10000,28-Dec-2017,25-Nov-2016,25,11000,28-Dec-2017,,,,,,,,,,,,,25-Nov-2016,312.75,9000,29-Jun-2017,25-Nov-2016,109.35,10000,29-Jun-2017,25-Nov-2016,32.6,11000,29-Jun-2017,30-Nov-2016,57.95,9000,30-Mar-2017,30-Nov-2016,8.95,10000,30-Mar-2017,14-Mar-2017,0.45,11000,30-Mar-2017
28-Nov-2016,315,9000,28-Dec-2017,28-Nov-2016,94.85,10000,28-Dec-2017,28-Nov-2016,136.75,11000,28-Dec-2017,,,,,,,,,,,,,28-Nov-2016,298.6,9000,29-Jun-2017,28-Nov-2016,99.2,10000,29-Jun-2017,28-Nov-2016,27.65,11000,29-Jun-2017,01-Dec-2016,52.4,9000,30-Mar-2017,01-Dec-2016,7.5,10000,30-Mar-2017,15-Mar-2017,0.5,11000,30-Mar-2017
29-Nov-2016,316.5,9000,28-Dec-2017,29-Nov-2016,91.4,10000,28-Dec-2017,29-Nov-2016,125.8,11000,28-Dec-2017,,,,,,,,,,,,,29-Nov-2016,288.15,9000,29-Jun-2017,29-Nov-2016,91.6,10000,29-Jun-2017,29-Nov-2016,24.05,11000,29-Jun-2017,02-Dec-2016,45.15,9000,30-Mar-2017,02-Dec-2016,6.45,10000,30-Mar-2017,16-Mar-2017,0.4,11000,30-Mar-2017
30-Nov-2016,364.85,9000,28-Dec-2017,30-Nov-2016,108,10000,28-Dec-2017,30-Nov-2016,137.4,11000,28-Dec-2017,,,,,,,,,,,,,30-Nov-2016,316.75,9000,29-Jun-2017,30-Nov-2016,27.25,10000,29-Jun-2017,30-Nov-2016,27.65,11000,29-Jun-2017,05-Dec-2016,49.45,9000,30-Mar-2017,05-Dec-2016,5.55,10000,30-Mar-2017,17-Mar-2017,0.5,11000,30-Mar-2017
01-Dec-2016,346,9000,28-Dec-2017,01-Dec-2016,95.65,10000,28-Dec-2017,01-Dec-2016,120.6,11000,28-Dec-2017,,,,,,,,,,,,,01-Dec-2016,290.25,9000,29-Jun-2017,01-Dec-2016,89.1,10000,29-Jun-2017,01-Dec-2016,22.2,11000,29-Jun-2017,06-Dec-2016,45.9,9000,30-Mar-2017,06-Dec-2016,7,10000,30-Mar-2017,20-Mar-2017,0.55,11000,30-Mar-2017
02-Dec-2016,315.4,9000,28-Dec-2017,02-Dec-2016,89.9,10000,28-Dec-2017,02-Dec-2016,111.2,11000,28-Dec-2017,,,,,,,,,,,,,02-Dec-2016,258.7,9000,29-Jun-2017,02-Dec-2016,28,10000,29-Jun-2017,02-Dec-2016,19.3,11000,29-Jun-2017,07-Dec-2016,40,9000,30-Mar-2017,07-Dec-2016,11,10000,30-Mar-2017,21-Mar-2017,0.5,11000,30-Mar-2017
05-Dec-2016,327.55,9000,28-Dec-2017,05-Dec-2016,90,10000,28-Dec-2017,05-Dec-2016,106.5,11000,28-Dec-2017,,,,,,,,,,,,,05-Dec-2016,258.35,9000,29-Jun-2017,05-Dec-2016,75.25,10000,29-Jun-2017,05-Dec-2016,17.65,11000,29-Jun-2017,08-Dec-2016,49.5,9000,30-Mar-2017,08-Dec-2016,23.35,10000,30-Mar-2017,22-Mar-2017,0.45,11000,30-Mar-2017
06-Dec-2016,324.7,9000,28-Dec-2017,06-Dec-2016,85,10000,28-Dec-2017,06-Dec-2016,97.8,11000,28-Dec-2017,,,,,,,,,,,,,06-Dec-2016,249.6,9000,29-Jun-2017,06-Dec-2016,69.2,10000,29-Jun-2017,06-Dec-2016,15.15,11000,29-Jun-2017,09-Dec-2016,51.85,9000,30-Mar-2017,09-Dec-2016,20.5,10000,30-Mar-2017,23-Mar-2017,0.45,11000,30-Mar-2017
07-Dec-2016,314.1,9000,28-Dec-2017,07-Dec-2016,85,10000,28-Dec-2017,07-Dec-2016,84.65,11000,28-Dec-2017,,,,,,,,,,,,,07-Dec-2016,224.8,9000,29-Jun-2017,07-Dec-2016,58.35,10000,29-Jun-2017,07-Dec-2016,11.75,11000,29-Jun-2017,12-Dec-2016,39.8,9000,30-Mar-2017,12-Dec-2016,15.1,10000,30-Mar-2017,24-Mar-2017,0.4,11000,30-Mar-2017
08-Dec-2016,361.3,9000,28-Dec-2017,08-Dec-2016,97,10000,28-Dec-2017,08-Dec-2016,30,11000,28-Dec-2017,,,,,,,,,,,,,08-Dec-2016,306.3,9000,29-Jun-2017,08-Dec-2016,94.95,10000,29-Jun-2017,08-Dec-2016,23.8,11000,29-Jun-2017,13-Dec-2016,42.7,9000,30-Mar-2017,13-Dec-2016,5.25,10000,30-Mar-2017,27-Mar-2017,0.4,11000,30-Mar-2017
09-Dec-2016,369.4,9000,28-Dec-2017,09-Dec-2016,90.35,10000,28-Dec-2017,09-Dec-2016,119.3,11000,28-Dec-2017,,,,,,,,,,,,,09-Dec-2016,296.6,9000,29-Jun-2017,09-Dec-2016,87.7,10000,29-Jun-2017,09-Dec-2016,20.6,11000,29-Jun-2017,14-Dec-2016,37.7,9000,30-Mar-2017,14-Dec-2016,11.6,10000,30-Mar-2017,28-Mar-2017,0.35,11000,30-Mar-2017
12-Dec-2016,330.9,9000,28-Dec-2017,12-Dec-2016,90,10000,28-Dec-2017,12-Dec-2016,106.55,11000,28-Dec-2017,,,,,,,,,,,,,12-Dec-2016,137,9000,29-Jun-2017,12-Dec-2016,74.05,10000,29-Jun-2017,12-Dec-2016,16.65,11000,29-Jun-2017,15-Dec-2016,35.6,9000,30-Mar-2017,15-Dec-2016,7.5,10000,30-Mar-2017,,,,
13-Dec-2016,347.8,9000,28-Dec-2017,13-Dec-2016,92,10000,28-Dec-2017,13-Dec-2016,105.8,11000,28-Dec-2017,,,,,,,,,,,,,13-Dec-2016,130,9000,29-Jun-2017,13-Dec-2016,75.15,10000,29-Jun-2017,13-Dec-2016,16.4,11000,29-Jun-2017,16-Dec-2016,30.7,9000,30-Mar-2017,16-Dec-2016,4.5,10000,30-Mar-2017,,,,
14-Dec-2016,332.6,9000,28-Dec-2017,14-Dec-2016,85.05,10000,28-Dec-2017,14-Dec-2016,91.5,11000,28-Dec-2017,,,,,,,,,,,,,14-Dec-2016,126.05,9000,29-Jun-2017,14-Dec-2016,63.45,10000,29-Jun-2017,14-Dec-2016,12.75,11000,29-Jun-2017,19-Dec-2016,28.1,9000,30-Mar-2017,19-Dec-2016,5,10000,30-Mar-2017,,,,
15-Dec-2016,319,9000,28-Dec-2017,15-Dec-2016,85.25,10000,28-Dec-2017,15-Dec-2016,79.35,11000,28-Dec-2017,,,,,,,,,,,,,15-Dec-2016,221.3,9000,29-Jun-2017,15-Dec-2016,53.8,10000,29-Jun-2017,15-Dec-2016,9.85,11000,29-Jun-2017,20-Dec-2016,24.4,9000,30-Mar-2017,20-Dec-2016,3.2,10000,30-Mar-2017,,,,
16-Dec-2016,307,9000,28-Dec-2017,16-Dec-2016,85,10000,28-Dec-2017,16-Dec-2016,68.85,11000,28-Dec-2017,,,,,,,,,,,,,16-Dec-2016,111.45,9000,29-Jun-2017,16-Dec-2016,46,10000,29-Jun-2017,16-Dec-2016,7.65,11000,29-Jun-2017,21-Dec-2016,22.2,9000,30-Mar-2017,21-Dec-2016,4,10000,30-Mar-2017,,,,
19-Dec-2016,290.3,9000,28-Dec-2017,19-Dec-2016,84,10000,28-Dec-2017,19-Dec-2016,29.95,11000,28-Dec-2017,,,,,,,,,,,,,19-Dec-2016,106,9000,29-Jun-2017,19-Dec-2016,37.1,10000,29-Jun-2017,19-Dec-2016,5.5,11000,29-Jun-2017,22-Dec-2016,17.25,9000,30-Mar-2017,22-Dec-2016,4,10000,30-Mar-2017,,,,
20-Dec-2016,281.75,9000,28-Dec-2017,20-Dec-2016,85.75,10000,28-Dec-2017,20-Dec-2016,28.7,11000,28-Dec-2017,,,,,,,,,,,,,20-Dec-2016,95,9000,29-Jun-2017,20-Dec-2016,30.8,10000,29-Jun-2017,20-Dec-2016,4.05,11000,29-Jun-2017,23-Dec-2016,17.1,9000,30-Mar-2017,23-Dec-2016,1.25,10000,30-Mar-2017,,,,
21-Dec-2016,278,9000,28-Dec-2017,21-Dec-2016,82.45,10000,28-Dec-2017,21-Dec-2016,41.9,11000,28-Dec-2017,,,,,,,,,,,,,21-Dec-2016,96.8,9000,29-Jun-2017,21-Dec-2016,25.4,10000,29-Jun-2017,21-Dec-2016,3,11000,29-Jun-2017,26-Dec-2016,16.05,9000,30-Mar-2017,26-Dec-2016,0.8,10000,30-Mar-2017,,,,
22-Dec-2016,255.05,9000,28-Dec-2017,22-Dec-2016,75.05,10000,28-Dec-2017,22-Dec-2016,28.75,11000,28-Dec-2017,,,,,,,,,,,,,22-Dec-2016,82,9000,29-Jun-2017,22-Dec-2016,21.65,10000,29-Jun-2017,22-Dec-2016,2.5,11000,29-Jun-2017,27-Dec-2016,16.2,9000,30-Mar-2017,27-Dec-2016,3.8,10000,30-Mar-2017,,,,
23-Dec-2016,248.05,9000,28-Dec-2017,23-Dec-2016,69.95,10000,28-Dec-2017,23-Dec-2016,28,11000,28-Dec-2017,,,,,,,,,,,,,23-Dec-2016,79,9000,29-Jun-2017,23-Dec-2016,18.6,10000,29-Jun-2017,23-Dec-2016,1.9,11000,29-Jun-2017,28-Dec-2016,15.8,9000,30-Mar-2017,28-Dec-2016,3.5,10000,30-Mar-2017,,,,
26-Dec-2016,224.15,9000,28-Dec-2017,26-Dec-2016,61.05,10000,28-Dec-2017,26-Dec-2016,29.45,11000,28-Dec-2017,,,,,,,,,,,,,26-Dec-2016,67.75,9000,29-Jun-2017,26-Dec-2016,15.1,10000,29-Jun-2017,26-Dec-2016,1.5,11000,29-Jun-2017,29-Dec-2016,18,9000,30-Mar-2017,29-Dec-2016,4.2,10000,30-Mar-2017,,,,
27-Dec-2016,243.05,9000,28-Dec-2017,27-Dec-2016,69.5,10000,28-Dec-2017,27-Dec-2016,22,11000,28-Dec-2017,,,,,,,,,,,,,27-Dec-2016,70,9000,29-Jun-2017,27-Dec-2016,29.15,10000,29-Jun-2017,27-Dec-2016,3.95,11000,29-Jun-2017,30-Dec-2016,20.15,9000,30-Mar-2017,30-Dec-2016,3.95,10000,30-Mar-2017,,,,
28-Dec-2016,247.75,9000,28-Dec-2017,28-Dec-2016,66.75,10000,28-Dec-2017,28-Dec-2016,44,11000,28-Dec-2017,,,,,,,,,,,,,28-Dec-2016,72,9000,29-Jun-2017,28-Dec-2016,28,10000,29-Jun-2017,28-Dec-2016,3,11000,29-Jun-2017,02-Jan-2017,19.05,9000,30-Mar-2017,02-Jan-2017,3.45,10000,30-Mar-2017,,,,
29-Dec-2016,259.95,9000,28-Dec-2017,29-Dec-2016,65.05,10000,28-Dec-2017,29-Dec-2016,49.1,11000,28-Dec-2017,,,,,,,,,,,,,29-Dec-2016,77.5,9000,29-Jun-2017,29-Dec-2016,29.15,10000,29-Jun-2017,29-Dec-2016,3.65,11000,29-Jun-2017,03-Jan-2017,18.9,9000,30-Mar-2017,03-Jan-2017,3.15,10000,30-Mar-2017,,,,
30-Dec-2016,286,9000,28-Dec-2017,30-Dec-2016,69.95,10000,28-Dec-2017,30-Dec-2016,20,11000,28-Dec-2017,,,,,,,,,,,,,30-Dec-2016,89.25,9000,29-Jun-2017,30-Dec-2016,36.65,10000,29-Jun-2017,30-Dec-2016,4.95,11000,29-Jun-2017,04-Jan-2017,19.55,9000,30-Mar-2017,04-Jan-2017,2.9,10000,30-Mar-2017,,,,
02-Jan-2017,282.75,9000,28-Dec-2017,02-Jan-2017,77,10000,28-Dec-2017,02-Jan-2017,49.9,11000,28-Dec-2017,,,,,,,,,,,,,02-Jan-2017,90.2,9000,29-Jun-2017,02-Jan-2017,30.25,10000,29-Jun-2017,02-Jan-2017,3.55,11000,29-Jun-2017,05-Jan-2017,25.55,9000,30-Mar-2017,05-Jan-2017,2.5,10000,30-Mar-2017,,,,
03-Jan-2017,293.85,9000,28-Dec-2017,03-Jan-2017,70.1,10000,28-Dec-2017,03-Jan-2017,23,11000,28-Dec-2017,,,,,,,,,,,,,03-Jan-2017,90.5,9000,29-Jun-2017,03-Jan-2017,26.85,10000,29-Jun-2017,03-Jan-2017,2.85,11000,29-Jun-2017,06-Jan-2017,21.2,9000,30-Mar-2017,06-Jan-2017,2.6,10000,30-Mar-2017,,,,
04-Jan-2017,300.9,9000,28-Dec-2017,04-Jan-2017,74.8,10000,28-Dec-2017,04-Jan-2017,18.5,11000,28-Dec-2017,,,,,,,,,,,,,04-Jan-2017,86,9000,29-Jun-2017,04-Jan-2017,22.95,10000,29-Jun-2017,04-Jan-2017,6,11000,29-Jun-2017,09-Jan-2017,19.55,9000,30-Mar-2017,09-Jan-2017,0.9,10000,30-Mar-2017,,,,
05-Jan-2017,324.75,9000,28-Dec-2017,05-Jan-2017,80.35,10000,28-Dec-2017,05-Jan-2017,48.55,11000,28-Dec-2017,,,,,,,,,,,,,05-Jan-2017,101,9000,29-Jun-2017,05-Jan-2017,30.65,10000,29-Jun-2017,05-Jan-2017,3.05,11000,29-Jun-2017,10-Jan-2017,22.4,9000,30-Mar-2017,10-Jan-2017,3,10000,30-Mar-2017,,,,
06-Jan-2017,317.2,9000,28-Dec-2017,06-Jan-2017,76.1,10000,28-Dec-2017,06-Jan-2017,20,11000,28-Dec-2017,,,,,,,,,,,,,06-Jan-2017,106.8,9000,29-Jun-2017,06-Jan-2017,25.1,10000,29-Jun-2017,06-Jan-2017,2.3,11000,29-Jun-2017,11-Jan-2017,31.3,9000,30-Mar-2017,11-Jan-2017,2.2,10000,30-Mar-2017,,,,
09-Jan-2017,314.6,9000,28-Dec-2017,09-Jan-2017,75.7,10000,28-Dec-2017,09-Jan-2017,34.35,11000,28-Dec-2017,,,,,,,,,,,,,09-Jan-2017,97,9000,29-Jun-2017,09-Jan-2017,17.5,10000,29-Jun-2017,09-Jan-2017,1.55,11000,29-Jun-2017,12-Jan-2017,32.8,9000,30-Mar-2017,12-Jan-2017,2.5,10000,30-Mar-2017,,,,
10-Jan-2017,329.4,9000,28-Dec-2017,10-Jan-2017,82,10000,28-Dec-2017,10-Jan-2017,18,11000,28-Dec-2017,,,,,,,,,,,,,10-Jan-2017,100,9000,29-Jun-2017,10-Jan-2017,15.35,10000,29-Jun-2017,10-Jan-2017,1.7,11000,29-Jun-2017,13-Jan-2017,30.15,9000,30-Mar-2017,13-Jan-2017,2.05,10000,30-Mar-2017,,,,
11-Jan-2017,365.65,9000,28-Dec-2017,11-Jan-2017,95.65,10000,28-Dec-2017,11-Jan-2017,21,11000,28-Dec-2017,,,,,,,,,,,,,11-Jan-2017,116,9000,29-Jun-2017,11-Jan-2017,32.1,10000,29-Jun-2017,11-Jan-2017,3.05,11000,29-Jun-2017,16-Jan-2017,30.8,9000,30-Mar-2017,16-Jan-2017,2.05,10000,30-Mar-2017,,,,
12-Jan-2017,377.95,9000,28-Dec-2017,12-Jan-2017,95.5,10000,28-Dec-2017,12-Jan-2017,22,11000,28-Dec-2017,,,,,,,,,,,,,12-Jan-2017,125,9000,29-Jun-2017,12-Jan-2017,30.55,10000,29-Jun-2017,12-Jan-2017,2.65,11000,29-Jun-2017,17-Jan-2017,28.6,9000,30-Mar-2017,17-Jan-2017,2,10000,30-Mar-2017,,,,
13-Jan-2017,373.7,9000,28-Dec-2017,13-Jan-2017,91.45,10000,28-Dec-2017,13-Jan-2017,39.9,11000,28-Dec-2017,,,,,,,,,,,,,13-Jan-2017,118.8,9000,29-Jun-2017,13-Jan-2017,25.95,10000,29-Jun-2017,13-Jan-2017,1.95,11000,29-Jun-2017,18-Jan-2017,30.55,9000,30-Mar-2017,18-Jan-2017,1.9,10000,30-Mar-2017,,,,
16-Jan-2017,380.6,9000,28-Dec-2017,16-Jan-2017,92.5,10000,28-Dec-2017,16-Jan-2017,34.9,11000,28-Dec-2017,,,,,,,,,,,,,16-Jan-2017,124.05,9000,29-Jun-2017,16-Jan-2017,22.3,10000,29-Jun-2017,16-Jan-2017,1.45,11000,29-Jun-2017,19-Jan-2017,27.55,9000,30-Mar-2017,19-Jan-2017,1.85,10000,30-Mar-2017,,,,
17-Jan-2017,369,9000,28-Dec-2017,17-Jan-2017,90.05,10000,28-Dec-2017,17-Jan-2017,29.15,11000,28-Dec-2017,,,,,,,,,,,,,17-Jan-2017,114,9000,29-Jun-2017,17-Jan-2017,20,10000,29-Jun-2017,17-Jan-2017,1,11000,29-Jun-2017,20-Jan-2017,20.35,9000,30-Mar-2017,20-Jan-2017,1.2,10000,30-Mar-2017,,,,
18-Jan-2017,370.3,9000,28-Dec-2017,18-Jan-2017,86,10000,28-Dec-2017,18-Jan-2017,26.45,11000,28-Dec-2017,,,,,,,,,,,,,18-Jan-2017,120.9,9000,29-Jun-2017,18-Jan-2017,3.55,10000,29-Jun-2017,18-Jan-2017,0.8,11000,29-Jun-2017,23-Jan-2017,22.85,9000,30-Mar-2017,23-Jan-2017,1.2,10000,30-Mar-2017,,,,
19-Jan-2017,373.85,9000,28-Dec-2017,19-Jan-2017,95,10000,28-Dec-2017,19-Jan-2017,18,11000,28-Dec-2017,,,,,,,,,,,,,19-Jan-2017,117.75,9000,29-Jun-2017,19-Jan-2017,15.1,10000,29-Jun-2017,19-Jan-2017,0.65,11000,29-Jun-2017,24-Jan-2017,31.2,9000,30-Mar-2017,24-Jan-2017,1.15,10000,30-Mar-2017,,,,
20-Jan-2017,348.4,9000,28-Dec-2017,20-Jan-2017,83.15,10000,28-Dec-2017,20-Jan-2017,18.05,11000,28-Dec-2017,,,,,,,,,,,,,20-Jan-2017,105,9000,29-Jun-2017,20-Jan-2017,13.45,10000,29-Jun-2017,20-Jan-2017,0.6,11000,29-Jun-2017,25-Jan-2017,47.15,9000,30-Mar-2017,25-Jan-2017,1.45,10000,30-Mar-2017,,,,
23-Jan-2017,361.65,9000,28-Dec-2017,23-Jan-2017,84.25,10000,28-Dec-2017,23-Jan-2017,23.25,11000,28-Dec-2017,,,,,,,,,,,,,23-Jan-2017,112.25,9000,29-Jun-2017,23-Jan-2017,13.5,10000,29-Jun-2017,23-Jan-2017,3,11000,29-Jun-2017,27-Jan-2017,69.9,9000,30-Mar-2017,27-Jan-2017,2.8,10000,30-Mar-2017,,,,
24-Jan-2017,389.95,9000,28-Dec-2017,24-Jan-2017,95.35,10000,28-Dec-2017,24-Jan-2017,17.65,11000,28-Dec-2017,,,,,,,,,,,,,24-Jan-2017,126,9000,29-Jun-2017,24-Jan-2017,20.6,10000,29-Jun-2017,24-Jan-2017,1.1,11000,29-Jun-2017,30-Jan-2017,64.55,9000,30-Mar-2017,30-Jan-2017,2.3,10000,30-Mar-2017,,,,
25-Jan-2017,443.1,9000,28-Dec-2017,25-Jan-2017,113.25,10000,28-Dec-2017,25-Jan-2017,21.5,11000,28-Dec-2017,,,,,,,,,,,,,25-Jan-2017,153.35,9000,29-Jun-2017,25-Jan-2017,43,10000,29-Jun-2017,25-Jan-2017,3.85,11000,29-Jun-2017,31-Jan-2017,48.2,9000,30-Mar-2017,31-Jan-2017,2.15,10000,30-Mar-2017,,,,
27-Jan-2017,476.75,9000,28-Dec-2017,27-Jan-2017,132.75,10000,28-Dec-2017,27-Jan-2017,26,11000,28-Dec-2017,,,,,,,,,,,,,27-Jan-2017,191,9000,29-Jun-2017,27-Jan-2017,17.8,10000,29-Jun-2017,27-Jan-2017,8,11000,29-Jun-2017,01-Feb-2017,72.5,9000,30-Mar-2017,01-Feb-2017,2,10000,30-Mar-2017,,,,
30-Jan-2017,466.45,9000,28-Dec-2017,30-Jan-2017,128.3,10000,28-Dec-2017,30-Jan-2017,51.25,11000,28-Dec-2017,,,,,,,,,,,,,30-Jan-2017,187.95,9000,29-Jun-2017,30-Jan-2017,35.5,10000,29-Jun-2017,30-Jan-2017,2.5,11000,29-Jun-2017,02-Feb-2017,70.7,9000,30-Mar-2017,02-Feb-2017,1.6,10000,30-Mar-2017,,,,
31-Jan-2017,432,9000,28-Dec-2017,31-Jan-2017,112.65,10000,28-Dec-2017,31-Jan-2017,45.65,11000,28-Dec-2017,,,,,,,,,,,,,31-Jan-2017,164.8,9000,29-Jun-2017,31-Jan-2017,17.5,10000,29-Jun-2017,31-Jan-2017,3,11000,29-Jun-2017,03-Feb-2017,70.45,9000,30-Mar-2017,03-Feb-2017,1.45,10000,30-Mar-2017,,,,
01-Feb-2017,501.75,9000,28-Dec-2017,01-Feb-2017,126.05,10000,28-Dec-2017,01-Feb-2017,22,11000,28-Dec-2017,,,,,,,,,,,,,01-Feb-2017,205,9000,29-Jun-2017,01-Feb-2017,67.9,10000,29-Jun-2017,01-Feb-2017,8.3,11000,29-Jun-2017,06-Feb-2017,87.7,9000,30-Mar-2017,06-Feb-2017,1.7,10000,30-Mar-2017,,,,
02-Feb-2017,498.8,9000,28-Dec-2017,02-Feb-2017,134.6,10000,28-Dec-2017,02-Feb-2017,23,11000,28-Dec-2017,,,,,,,,,,,,,02-Feb-2017,201.05,9000,29-Jun-2017,02-Feb-2017,21,10000,29-Jun-2017,02-Feb-2017,7.1,11000,29-Jun-2017,07-Feb-2017,76.9,9000,30-Mar-2017,07-Feb-2017,1.5,10000,30-Mar-2017,,,,
03-Feb-2017,510,9000,28-Dec-2017,03-Feb-2017,130,10000,28-Dec-2017,03-Feb-2017,79.05,11000,28-Dec-2017,,,,,,,,,,,,,03-Feb-2017,200,9000,29-Jun-2017,03-Feb-2017,24.9,10000,29-Jun-2017,03-Feb-2017,5.7,11000,29-Jun-2017,08-Feb-2017,79.85,9000,30-Mar-2017,08-Feb-2017,1.8,10000,30-Mar-2017,,,,
06-Feb-2017,540.5,9000,28-Dec-2017,06-Feb-2017,142.75,10000,28-Dec-2017,06-Feb-2017,26,11000,28-Dec-2017,,,,,,,,,,,,,06-Feb-2017,222,9000,29-Jun-2017,06-Feb-2017,26,10000,29-Jun-2017,06-Feb-2017,6.1,11000,29-Jun-2017,09-Feb-2017,76.35,9000,30-Mar-2017,09-Feb-2017,2.4,10000,30-Mar-2017,,,,
07-Feb-2017,518.45,9000,28-Dec-2017,07-Feb-2017,132.45,10000,28-Dec-2017,07-Feb-2017,24,11000,28-Dec-2017,,,,,,,,,,,,,07-Feb-2017,200,9000,29-Jun-2017,07-Feb-2017,21,10000,29-Jun-2017,07-Feb-2017,4.45,11000,29-Jun-2017,10-Feb-2017,80,9000,30-Mar-2017,10-Feb-2017,2.05,10000,30-Mar-2017,,,,
08-Feb-2017,521.85,9000,28-Dec-2017,08-Feb-2017,134.5,10000,28-Dec-2017,08-Feb-2017,23.95,11000,28-Dec-2017,,,,,,,,,,,,,08-Feb-2017,205.5,9000,29-Jun-2017,08-Feb-2017,46.4,10000,29-Jun-2017,08-Feb-2017,3.45,11000,29-Jun-2017,13-Feb-2017,79.7,9000,30-Mar-2017,13-Feb-2017,1.95,10000,30-Mar-2017,,,,
09-Feb-2017,523,9000,28-Dec-2017,09-Feb-2017,133,10000,28-Dec-2017,09-Feb-2017,57.9,11000,28-Dec-2017,,,,,,,,,,,,,09-Feb-2017,210,9000,29-Jun-2017,09-Feb-2017,19.55,10000,29-Jun-2017,09-Feb-2017,2.75,11000,29-Jun-2017,14-Feb-2017,78.9,9000,30-Mar-2017,14-Feb-2017,1.8,10000,30-Mar-2017,,,,
10-Feb-2017,526.05,9000,28-Dec-2017,10-Feb-2017,140,10000,28-Dec-2017,10-Feb-2017,25,11000,28-Dec-2017,,,,,,,,,,,,,10-Feb-2017,223.05,9000,29-Jun-2017,10-Feb-2017,39.15,10000,29-Jun-2017,10-Feb-2017,2.25,11000,29-Jun-2017,15-Feb-2017,58.2,9000,30-Mar-2017,15-Feb-2017,1.8,10000,30-Mar-2017,,,,
13-Feb-2017,524.8,9000,28-Dec-2017,13-Feb-2017,135,10000,28-Dec-2017,13-Feb-2017,47.15,11000,28-Dec-2017,,,,,,,,,,,,,13-Feb-2017,224.2,9000,29-Jun-2017,13-Feb-2017,21.95,10000,29-Jun-2017,13-Feb-2017,1.65,11000,29-Jun-2017,16-Feb-2017,66.1,9000,30-Mar-2017,16-Feb-2017,1.6,10000,30-Mar-2017,,,,
14-Feb-2017,539.8,9000,28-Dec-2017,14-Feb-2017,144.35,10000,28-Dec-2017,14-Feb-2017,24,11000,28-Dec-2017,,,,,,,,,,,,,14-Feb-2017,234.95,9000,29-Jun-2017,14-Feb-2017,29,10000,29-Jun-2017,14-Feb-2017,1.15,11000,29-Jun-2017,17-Feb-2017,75.5,9000,30-Mar-2017,17-Feb-2017,1.5,10000,30-Mar-2017,,,,
15-Feb-2017,496.6,9000,28-Dec-2017,15-Feb-2017,134.25,10000,28-Dec-2017,15-Feb-2017,24,11000,28-Dec-2017,,,,,,,,,,,,,15-Feb-2017,202.25,9000,29-Jun-2017,15-Feb-2017,19,10000,29-Jun-2017,15-Feb-2017,4.15,11000,29-Jun-2017,20-Feb-2017,91.05,9000,30-Mar-2017,20-Feb-2017,1.5,10000,30-Mar-2017,,,,
16-Feb-2017,520,9000,28-Dec-2017,16-Feb-2017,140.5,10000,28-Dec-2017,16-Feb-2017,39.2,11000,28-Dec-2017,,,,,,,,,,,,,16-Feb-2017,220.95,9000,29-Jun-2017,16-Feb-2017,19,10000,29-Jun-2017,16-Feb-2017,1.05,11000,29-Jun-2017,21-Feb-2017,107.15,9000,30-Mar-2017,21-Feb-2017,1.15,10000,30-Mar-2017,,,,
17-Feb-2017,547.35,9000,28-Dec-2017,17-Feb-2017,153,10000,28-Dec-2017,17-Feb-2017,26.9,11000,28-Dec-2017,,,,,,,,,,,,,17-Feb-2017,223.1,9000,29-Jun-2017,17-Feb-2017,29.15,10000,29-Jun-2017,17-Feb-2017,1.1,11000,29-Jun-2017,22-Feb-2017,110.25,9000,30-Mar-2017,22-Feb-2017,1,10000,30-Mar-2017,,,,
20-Feb-2017,568.4,9000,28-Dec-2017,20-Feb-2017,157.4,10000,28-Dec-2017,20-Feb-2017,29,11000,28-Dec-2017,,,,,,,,,,,,,20-Feb-2017,235.05,9000,29-Jun-2017,20-Feb-2017,32.95,10000,29-Jun-2017,20-Feb-2017,1.25,11000,29-Jun-2017,23-Feb-2017,110.2,9000,30-Mar-2017,23-Feb-2017,1,10000,30-Mar-2017,,,,
21-Feb-2017,585.4,9000,28-Dec-2017,21-Feb-2017,167.9,10000,28-Dec-2017,21-Feb-2017,30.8,11000,28-Dec-2017,,,,,,,,,,,,,21-Feb-2017,241.5,9000,29-Jun-2017,21-Feb-2017,25,10000,29-Jun-2017,21-Feb-2017,1.1,11000,29-Jun-2017,27-Feb-2017,89,9000,30-Mar-2017,27-Feb-2017,0.75,10000,30-Mar-2017,,,,
22-Feb-2017,575,9000,28-Dec-2017,22-Feb-2017,169,10000,28-Dec-2017,22-Feb-2017,30.25,11000,28-Dec-2017,,,,,,,,,,,,,22-Feb-2017,265,9000,29-Jun-2017,22-Feb-2017,29,10000,29-Jun-2017,22-Feb-2017,0.9,11000,29-Jun-2017,28-Feb-2017,86.2,9000,30-Mar-2017,28-Feb-2017,0.75,10000,30-Mar-2017,,,,
23-Feb-2017,590.95,9000,28-Dec-2017,23-Feb-2017,169.5,10000,28-Dec-2017,23-Feb-2017,35.35,11000,28-Dec-2017,,,,,,,,,,,,,23-Feb-2017,267.25,9000,29-Jun-2017,23-Feb-2017,25.5,10000,29-Jun-2017,23-Feb-2017,0.7,11000,29-Jun-2017,01-Mar-2017,112.7,9000,30-Mar-2017,01-Mar-2017,0.75,10000,30-Mar-2017,,,,
27-Feb-2017,566.6,9000,28-Dec-2017,27-Feb-2017,155.7,10000,28-Dec-2017,27-Feb-2017,26.5,11000,28-Dec-2017,,,,,,,,,,,,,27-Feb-2017,247.85,9000,29-Jun-2017,27-Feb-2017,20.7,10000,29-Jun-2017,27-Feb-2017,3.7,11000,29-Jun-2017,02-Mar-2017,83.75,9000,30-Mar-2017,02-Mar-2017,0.65,10000,30-Mar-2017,,,,
28-Feb-2017,565.8,9000,28-Dec-2017,28-Feb-2017,155.05,10000,28-Dec-2017,28-Feb-2017,28.5,11000,28-Dec-2017,,,,,,,,,,,,,28-Feb-2017,245.8,9000,29-Jun-2017,28-Feb-2017,22.5,10000,29-Jun-2017,28-Feb-2017,0.25,11000,29-Jun-2017,03-Mar-2017,83.25,9000,30-Mar-2017,03-Mar-2017,0.7,10000,30-Mar-2017,,,,
01-Mar-2017,604.75,9000,28-Dec-2017,01-Mar-2017,173.25,10000,28-Dec-2017,01-Mar-2017,29,11000,28-Dec-2017,,,,,,,,,,,,,01-Mar-2017,271.55,9000,29-Jun-2017,01-Mar-2017,22.6,10000,29-Jun-2017,01-Mar-2017,2.05,11000,29-Jun-2017,06-Mar-2017,106,9000,30-Mar-2017,06-Mar-2017,0.65,10000,30-Mar-2017,,,,
02-Mar-2017,568.1,9000,28-Dec-2017,02-Mar-2017,155.05,10000,28-Dec-2017,02-Mar-2017,30.5,11000,28-Dec-2017,,,,,,,,,,,,,02-Mar-2017,250.4,9000,29-Jun-2017,02-Mar-2017,19.5,10000,29-Jun-2017,02-Mar-2017,0.3,11000,29-Jun-2017,07-Mar-2017,106.3,9000,30-Mar-2017,07-Mar-2017,0.7,10000,30-Mar-2017,,,,
03-Mar-2017,565.1,9000,28-Dec-2017,03-Mar-2017,153.85,10000,28-Dec-2017,03-Mar-2017,29.75,11000,28-Dec-2017,,,,,,,,,,,,,03-Mar-2017,243.85,9000,29-Jun-2017,03-Mar-2017,18,10000,29-Jun-2017,03-Mar-2017,0.2,11000,29-Jun-2017,08-Mar-2017,97.75,9000,30-Mar-2017,08-Mar-2017,0.75,10000,30-Mar-2017,,,,
06-Mar-2017,601,9000,28-Dec-2017,06-Mar-2017,163.35,10000,28-Dec-2017,06-Mar-2017,33,11000,28-Dec-2017,,,,,,,,,,,,,06-Mar-2017,278.35,9000,29-Jun-2017,06-Mar-2017,19.05,10000,29-Jun-2017,06-Mar-2017,0.3,11000,29-Jun-2017,09-Mar-2017,101.15,9000,30-Mar-2017,09-Mar-2017,0.95,10000,30-Mar-2017,,,,
07-Mar-2017,592,9000,28-Dec-2017,07-Mar-2017,164.3,10000,28-Dec-2017,07-Mar-2017,34.5,11000,28-Dec-2017,,,,,,,,,,,,,07-Mar-2017,273.55,9000,29-Jun-2017,07-Mar-2017,18.75,10000,29-Jun-2017,07-Mar-2017,0.2,11000,29-Jun-2017,10-Mar-2017,95.55,9000,30-Mar-2017,10-Mar-2017,0.9,10000,30-Mar-2017,,,,
08-Mar-2017,581.1,9000,28-Dec-2017,08-Mar-2017,156,10000,28-Dec-2017,08-Mar-2017,29,11000,28-Dec-2017,,,,,,,,,,,,,08-Mar-2017,267.8,9000,29-Jun-2017,08-Mar-2017,19.5,10000,29-Jun-2017,08-Mar-2017,0.1,11000,29-Jun-2017,14-Mar-2017,145.25,9000,30-Mar-2017,14-Mar-2017,0.6,10000,30-Mar-2017,,,,
09-Mar-2017,578.65,9000,28-Dec-2017,09-Mar-2017,157.9,10000,28-Dec-2017,09-Mar-2017,31.1,11000,28-Dec-2017,,,,,,,,,,,,,09-Mar-2017,265.25,9000,29-Jun-2017,09-Mar-2017,19.5,10000,29-Jun-2017,09-Mar-2017,0.1,11000,29-Jun-2017,15-Mar-2017,150.2,9000,30-Mar-2017,15-Mar-2017,0.5,10000,30-Mar-2017,,,,
10-Mar-2017,571.35,9000,28-Dec-2017,10-Mar-2017,156.7,10000,28-Dec-2017,10-Mar-2017,30,11000,28-Dec-2017,,,,,,,,,,,,,10-Mar-2017,255,9000,29-Jun-2017,10-Mar-2017,20,10000,29-Jun-2017,10-Mar-2017,0.05,11000,29-Jun-2017,16-Mar-2017,193.7,9000,30-Mar-2017,16-Mar-2017,0.5,10000,30-Mar-2017,,,,
14-Mar-2017,663.4,9000,28-Dec-2017,14-Mar-2017,184.95,10000,28-Dec-2017,14-Mar-2017,35.85,11000,28-Dec-2017,,,,,,,,,,,,,14-Mar-2017,332.6,9000,29-Jun-2017,14-Mar-2017,24.25,10000,29-Jun-2017,14-Mar-2017,1.2,11000,29-Jun-2017,17-Mar-2017,189.1,9000,30-Mar-2017,17-Mar-2017,0.5,10000,30-Mar-2017,,,,
15-Mar-2017,669.2,9000,28-Dec-2017,15-Mar-2017,188.45,10000,28-Dec-2017,15-Mar-2017,33.15,11000,28-Dec-2017,,,,,,,,,,,,,15-Mar-2017,345.95,9000,29-Jun-2017,15-Mar-2017,26.1,10000,29-Jun-2017,15-Mar-2017,2,11000,29-Jun-2017,20-Mar-2017,169.8,9000,30-Mar-2017,20-Mar-2017,0.4,10000,30-Mar-2017,,,,
16-Mar-2017,708.85,9000,28-Dec-2017,16-Mar-2017,202.55,10000,28-Dec-2017,16-Mar-2017,33.3,11000,28-Dec-2017,,,,,,,,,,,,,16-Mar-2017,389.7,9000,29-Jun-2017,16-Mar-2017,32,10000,29-Jun-2017,16-Mar-2017,5,11000,29-Jun-2017,21-Mar-2017,159.55,9000,30-Mar-2017,21-Mar-2017,0.4,10000,30-Mar-2017,,,,
17-Mar-2017,703.45,9000,28-Dec-2017,17-Mar-2017,196.2,10000,28-Dec-2017,17-Mar-2017,33.5,11000,28-Dec-2017,,,,,,,,,,,,,17-Mar-2017,397.8,9000,29-Jun-2017,17-Mar-2017,32,10000,29-Jun-2017,17-Mar-2017,5.85,11000,29-Jun-2017,22-Mar-2017,90.6,9000,30-Mar-2017,22-Mar-2017,0.4,10000,30-Mar-2017,,,,
20-Mar-2017,690.9,9000,28-Dec-2017,20-Mar-2017,195.45,10000,28-Dec-2017,20-Mar-2017,43.15,11000,28-Dec-2017,,,,,,,,,,,,,20-Mar-2017,385.45,9000,29-Jun-2017,20-Mar-2017,32.85,10000,29-Jun-2017,20-Mar-2017,0.55,11000,29-Jun-2017,23-Mar-2017,122.5,9000,30-Mar-2017,23-Mar-2017,0.4,10000,30-Mar-2017,,,,
21-Mar-2017,685.7,9000,28-Dec-2017,21-Mar-2017,194.5,10000,28-Dec-2017,21-Mar-2017,32,11000,28-Dec-2017,,,,,,,,,,,,,21-Mar-2017,369.15,9000,29-Jun-2017,21-Mar-2017,28,10000,29-Jun-2017,21-Mar-2017,3,11000,29-Jun-2017,24-Mar-2017,129.95,9000,30-Mar-2017,24-Mar-2017,0.5,10000,30-Mar-2017,,,,
22-Mar-2017,619.6,9000,28-Dec-2017,22-Mar-2017,167.1,10000,28-Dec-2017,22-Mar-2017,26,11000,28-Dec-2017,,,,,,,,,,,,,22-Mar-2017,311.85,9000,29-Jun-2017,22-Mar-2017,18.4,10000,29-Jun-2017,22-Mar-2017,0.35,11000,29-Jun-2017,27-Mar-2017,85.55,9000,30-Mar-2017,27-Mar-2017,0.35,10000,30-Mar-2017,,,,
23-Mar-2017,653.3,9000,28-Dec-2017,23-Mar-2017,174.85,10000,28-Dec-2017,23-Mar-2017,28.7,11000,28-Dec-2017,,,,,,,,,,,,,23-Mar-2017,338.6,9000,29-Jun-2017,23-Mar-2017,20,10000,29-Jun-2017,23-Mar-2017,0.45,11000,29-Jun-2017,28-Mar-2017,112.1,9000,30-Mar-2017,28-Mar-2017,0.25,10000,30-Mar-2017,,,,
24-Mar-2017,669.05,9000,28-Dec-2017,24-Mar-2017,188.55,10000,28-Dec-2017,24-Mar-2017,32.95,11000,28-Dec-2017,,,,,,,,,,,,,24-Mar-2017,358.3,9000,29-Jun-2017,24-Mar-2017,18.15,10000,29-Jun-2017,24-Mar-2017,0.4,11000,29-Jun-2017,,,,,,,,,,,,
27-Mar-2017,632.45,9000,28-Dec-2017,27-Mar-2017,172,10000,28-Dec-2017,27-Mar-2017,29,11000,28-Dec-2017,,,,,,,,,,,,,27-Mar-2017,323.3,9000,29-Jun-2017,27-Mar-2017,19.25,10000,29-Jun-2017,27-Mar-2017,0.25,11000,29-Jun-2017,,,,,,,,,,,,
28-Mar-2017,661.65,9000,28-Dec-2017,28-Mar-2017,180.3,10000,28-Dec-2017,28-Mar-2017,31.35,11000,28-Dec-2017,,,,,,,,,,,,,28-Mar-2017,345,9000,29-Jun-2017,28-Mar-2017,19.65,10000,29-Jun-2017,28-Mar-2017,0.3,11000,29-Jun-2017,,,,,,,,,,,,
