Date,Expiry,Strike Price,Settle Price,Date,Expiry,Strike Price,Settle Price,Date,Expiry,Strike Price,Settle Price,Date,Expiry,Strike Price,Settle Price,Date,Expiry,Strike Price,Settle Price,Date,Expiry,Strike Price,Settle Price,Date,Expiry,Strike Price,Settle Price,Date,Expiry,Strike Price,Settle Price,Date,Expiry,Strike Price,Settle Price,Date,Expiry,Strike Price,Settle Price,Date,Expiry,Strike Price,Settle Price,Date,Expiry,Strike Price,Settle Price
29-Mar-2016,28-Dec-2017,9000,951.8,29-Mar-2016,28-Dec-2017,10000,1526.2,29-Mar-2016,28-Dec-2017,11000,2204.35,30-Sep-2016,28-Sep-2017,9000,414.4,30-Sep-2016,28-Sep-2017,10000,978.8,30-Sep-2016,28-Sep-2017,11000,1745.9,29-Mar-2016,29-Jun-2017,9000,1025.2,29-Mar-2016,29-Jun-2017,10000,1687.7,29-Mar-2016,29-Jun-2017,11000,2456.8,01-Apr-2016,30-Mar-2017,9000,996.5,01-Apr-2016,30-Mar-2017,10000,1699.1,15-Jul-2016,30-Mar-2017,11000,1958.1
30-Mar-2016,28-Dec-2017,9000,928.8,30-Mar-2016,28-Dec-2017,10000,1481.55,30-Mar-2016,28-Dec-2017,11000,2137.75,03-Oct-2016,28-Sep-2017,9000,400.3,03-Oct-2016,28-Sep-2017,10000,931.7,03-Oct-2016,28-Sep-2017,11000,1665.35,30-Mar-2016,29-Jun-2017,9000,984.55,30-Mar-2016,29-Jun-2017,10000,1619.7,30-Mar-2016,29-Jun-2017,11000,2365.15,04-Apr-2016,30-Mar-2017,9000,994.45,04-Apr-2016,30-Mar-2017,10000,1707.8,18-Jul-2016,30-Mar-2017,11000,1989.7
31-Mar-2016,28-Dec-2017,9000,909.8,31-Mar-2016,28-Dec-2017,10000,1466.65,31-Mar-2016,28-Dec-2017,11000,2129.75,04-Oct-2016,28-Sep-2017,9000,376.35,04-Oct-2016,28-Sep-2017,10000,900.75,04-Oct-2016,28-Sep-2017,11000,1633.7,31-Mar-2016,29-Jun-2017,9000,967.8,31-Mar-2016,29-Jun-2017,10000,1608.65,31-Mar-2016,29-Jun-2017,11000,2361.7,05-Apr-2016,30-Mar-2017,9000,1151.6,05-Apr-2016,30-Mar-2017,10000,1886.5,19-Jul-2016,30-Mar-2017,11000,1968.15
01-Apr-2016,28-Dec-2017,9000,897.9,01-Apr-2016,28-Dec-2017,10000,1459.75,01-Apr-2016,28-Dec-2017,11000,2129.8,05-Oct-2016,28-Sep-2017,9000,377.25,05-Oct-2016,28-Sep-2017,10000,913.25,05-Oct-2016,28-Sep-2017,11000,1660,01-Apr-2016,29-Jun-2017,9000,961.65,01-Apr-2016,29-Jun-2017,10000,1610.15,01-Apr-2016,29-Jun-2017,11000,2371.3,06-Apr-2016,30-Mar-2017,9000,1126.75,06-Apr-2016,30-Mar-2017,10000,1865.4,20-Jul-2016,30-Mar-2017,11000,1933.7
04-Apr-2016,28-Dec-2017,9000,912.35,04-Apr-2016,28-Dec-2017,10000,1489.7,04-Apr-2016,28-Dec-2017,11000,2176.85,06-Oct-2016,28-Sep-2017,9000,379.15,06-Oct-2016,28-Sep-2017,10000,926.1,06-Oct-2016,28-Sep-2017,11000,1684.9,04-Apr-2016,29-Jun-2017,9000,965.85,04-Apr-2016,29-Jun-2017,10000,1626.85,04-Apr-2016,29-Jun-2017,11000,2401.8,07-Apr-2016,30-Mar-2017,9000,1165.05,07-Apr-2016,30-Mar-2017,10000,1917.05,21-Jul-2016,30-Mar-2017,11000,1989.6
05-Apr-2016,28-Dec-2017,9000,1073.3,05-Apr-2016,28-Dec-2017,10000,1678.8,05-Apr-2016,28-Dec-2017,11000,2382.45,07-Oct-2016,28-Sep-2017,9000,370.05,07-Oct-2016,28-Sep-2017,10000,922.2,07-Oct-2016,28-Sep-2017,11000,1689.85,05-Apr-2016,29-Jun-2017,9000,1124.35,05-Apr-2016,29-Jun-2017,10000,1809.55,05-Apr-2016,29-Jun-2017,11000,2596.1,08-Apr-2016,30-Mar-2017,9000,1142.45,08-Apr-2016,30-Mar-2017,10000,1898.7,22-Jul-2016,30-Mar-2017,11000,1958.15
06-Apr-2016,28-Dec-2017,9000,1042.4,06-Apr-2016,28-Dec-2017,10000,1648.9,06-Apr-2016,28-Dec-2017,11000,2356.05,10-Oct-2016,28-Sep-2017,9000,352,10-Oct-2016,28-Sep-2017,10000,903.85,10-Oct-2016,28-Sep-2017,11000,1677.2,06-Apr-2016,29-Jun-2017,9000,1097.1,06-Apr-2016,29-Jun-2017,10000,1784.75,06-Apr-2016,29-Jun-2017,11000,2576.2,11-Apr-2016,30-Mar-2017,9000,1085.35,11-Apr-2016,30-Mar-2017,10000,1818.95,25-Jul-2016,30-Mar-2017,11000,1876.5
07-Apr-2016,28-Dec-2017,9000,1068.85,07-Apr-2016,28-Dec-2017,10000,1686.5,07-Apr-2016,28-Dec-2017,11000,2403.3,13-Oct-2016,28-Sep-2017,9000,454.05,13-Oct-2016,28-Sep-2017,10000,1042.35,13-Oct-2016,28-Sep-2017,11000,1825.2,07-Apr-2016,29-Jun-2017,9000,1130.7,07-Apr-2016,29-Jun-2017,10000,1831.1,07-Apr-2016,29-Jun-2017,11000,2632.2,12-Apr-2016,30-Mar-2017,9000,1046.85,12-Apr-2016,30-Mar-2017,10000,1778.25,26-Jul-2016,30-Mar-2017,11000,1921.4
08-Apr-2016,28-Dec-2017,9000,1039.75,08-Apr-2016,28-Dec-2017,10000,1658.75,08-Apr-2016,28-Dec-2017,11000,2379.4,14-Oct-2016,28-Sep-2017,9000,435,14-Oct-2016,28-Sep-2017,10000,1023.2,14-Oct-2016,28-Sep-2017,11000,1810.75,08-Apr-2016,29-Jun-2017,9000,1105.5,08-Apr-2016,29-Jun-2017,10000,1809.15,08-Apr-2016,29-Jun-2017,11000,2615.05,13-Apr-2016,30-Mar-2017,9000,993.25,13-Apr-2016,30-Mar-2017,10000,1692.25,27-Jul-2016,30-Mar-2017,11000,1896.75
11-Apr-2016,28-Dec-2017,9000,1005.5,11-Apr-2016,28-Dec-2017,10000,1605.45,11-Apr-2016,28-Dec-2017,11000,2309.6,17-Oct-2016,28-Sep-2017,9000,461.2,17-Oct-2016,28-Sep-2017,10000,1069.25,17-Oct-2016,28-Sep-2017,11000,1870.65,11-Apr-2016,29-Jun-2017,9000,1057.45,11-Apr-2016,29-Jun-2017,10000,1739.75,11-Apr-2016,29-Jun-2017,11000,2528.7,18-Apr-2016,30-Mar-2017,9000,946.5,18-Apr-2016,30-Mar-2017,10000,1638.45,28-Jul-2016,30-Mar-2017,11000,1850
12-Apr-2016,28-Dec-2017,9000,965.85,12-Apr-2016,28-Dec-2017,10000,1561.65,12-Apr-2016,28-Dec-2017,11000,2264.8,18-Oct-2016,28-Sep-2017,9000,453.85,18-Oct-2016,28-Sep-2017,10000,1013.2,18-Oct-2016,28-Sep-2017,11000,1765.45,12-Apr-2016,29-Jun-2017,9000,1018.55,12-Apr-2016,29-Jun-2017,10000,1697.85,12-Apr-2016,29-Jun-2017,11000,2487,20-Apr-2016,30-Mar-2017,9000,927.75,20-Apr-2016,30-Mar-2017,10000,1625.2,29-Jul-2016,30-Mar-2017,11000,1876.3
13-Apr-2016,28-Dec-2017,9000,942.25,13-Apr-2016,28-Dec-2017,10000,1514.2,13-Apr-2016,28-Dec-2017,11000,2193.45,19-Oct-2016,28-Sep-2017,9000,445,19-Oct-2016,28-Sep-2017,10000,1010,19-Oct-2016,28-Sep-2017,11000,1770.95,13-Apr-2016,29-Jun-2017,9000,976.9,13-Apr-2016,29-Jun-2017,10000,1626.45,13-Apr-2016,29-Jun-2017,11000,2390.1,21-Apr-2016,30-Mar-2017,9000,909.1,21-Apr-2016,30-Mar-2017,10000,1611.3,01-Aug-2016,30-Mar-2017,11000,1881.35
18-Apr-2016,28-Dec-2017,9000,899.55,18-Apr-2016,28-Dec-2017,10000,1463.55,18-Apr-2016,28-Dec-2017,11000,2138.15,20-Oct-2016,28-Sep-2017,9000,417.35,20-Oct-2016,28-Sep-2017,10000,973.35,20-Oct-2016,28-Sep-2017,11000,1731.7,18-Apr-2016,29-Jun-2017,9000,931.8,18-Apr-2016,29-Jun-2017,10000,1573.8,18-Apr-2016,29-Jun-2017,11000,2334.15,22-Apr-2016,30-Mar-2017,9000,899.3,22-Apr-2016,30-Mar-2017,10000,1608.85,02-Aug-2016,30-Mar-2017,11000,1895.95
20-Apr-2016,28-Dec-2017,9000,874.15,20-Apr-2016,28-Dec-2017,10000,1440,20-Apr-2016,28-Dec-2017,11000,2119.5,21-Oct-2016,28-Sep-2017,9000,403.55,21-Oct-2016,28-Sep-2017,10000,962.1,21-Oct-2016,28-Sep-2017,11000,1727.3,20-Apr-2016,29-Jun-2017,9000,910.35,20-Apr-2016,29-Jun-2017,10000,1556.5,20-Apr-2016,29-Jun-2017,11000,2323.25,25-Apr-2016,30-Mar-2017,9000,914.85,25-Apr-2016,30-Mar-2017,10000,1638.15,03-Aug-2016,30-Mar-2017,11000,1976.65
21-Apr-2016,28-Dec-2017,9000,847.65,21-Apr-2016,28-Dec-2017,10000,1414.3,21-Apr-2016,28-Dec-2017,11000,2097.3,24-Oct-2016,28-Sep-2017,9000,382.3,24-Oct-2016,28-Sep-2017,10000,938.8,24-Oct-2016,28-Sep-2017,11000,1708.2,21-Apr-2016,29-Jun-2017,9000,888.55,21-Apr-2016,29-Jun-2017,10000,1538.05,21-Apr-2016,29-Jun-2017,11000,2310.2,26-Apr-2016,30-Mar-2017,9000,862.4,26-Apr-2016,30-Mar-2017,10000,1560.35,04-Aug-2016,30-Mar-2017,11000,1970.25
22-Apr-2016,28-Dec-2017,9000,829.7,22-Apr-2016,28-Dec-2017,10000,1399.85,22-Apr-2016,28-Dec-2017,11000,2088.85,25-Oct-2016,28-Sep-2017,9000,375.4,25-Oct-2016,28-Sep-2017,10000,938.5,25-Oct-2016,28-Sep-2017,11000,1717.25,22-Apr-2016,29-Jun-2017,9000,875.45,22-Apr-2016,29-Jun-2017,10000,1530.95,22-Apr-2016,29-Jun-2017,11000,2310.4,27-Apr-2016,30-Mar-2017,9000,835.1,27-Apr-2016,30-Mar-2017,10000,1534.15,05-Aug-2016,30-Mar-2017,11000,1853.2
25-Apr-2016,28-Dec-2017,9000,834.55,25-Apr-2016,28-Dec-2017,10000,1414.2,25-Apr-2016,28-Dec-2017,11000,2113.35,26-Oct-2016,28-Sep-2017,9000,411.05,26-Oct-2016,28-Sep-2017,10000,996.9,26-Oct-2016,28-Sep-2017,11000,1788.65,25-Apr-2016,29-Jun-2017,9000,886.7,25-Apr-2016,29-Jun-2017,10000,1554.55,25-Apr-2016,29-Jun-2017,11000,2344.85,28-Apr-2016,30-Mar-2017,9000,944.85,28-Apr-2016,30-Mar-2017,10000,1663,08-Aug-2016,30-Mar-2017,11000,1828.45
26-Apr-2016,28-Dec-2017,9000,800.5,26-Apr-2016,28-Dec-2017,10000,1359.8,26-Apr-2016,28-Dec-2017,11000,2039.95,27-Oct-2016,28-Sep-2017,9000,396.5,27-Oct-2016,28-Sep-2017,10000,984.85,27-Oct-2016,28-Sep-2017,11000,1783.1,26-Apr-2016,29-Jun-2017,9000,841.7,26-Apr-2016,29-Jun-2017,10000,1485.6,26-Apr-2016,29-Jun-2017,11000,2257.2,29-Apr-2016,30-Mar-2017,9000,924.95,29-Apr-2016,30-Mar-2017,10000,1647.55,09-Aug-2016,30-Mar-2017,11000,1860.6
27-Apr-2016,28-Dec-2017,9000,768.95,27-Apr-2016,28-Dec-2017,10000,1326.3,27-Apr-2016,28-Dec-2017,11000,2008.1,28-Oct-2016,28-Sep-2017,9000,374.8,28-Oct-2016,28-Sep-2017,10000,958.65,28-Oct-2016,28-Sep-2017,11000,1758.5,27-Apr-2016,29-Jun-2017,9000,812.65,27-Apr-2016,29-Jun-2017,10000,1456.5,27-Apr-2016,29-Jun-2017,11000,2231.25,02-May-2016,30-Mar-2017,9000,941.25,02-May-2016,30-Mar-2017,10000,1677.4,10-Aug-2016,30-Mar-2017,11000,1965.65
28-Apr-2016,28-Dec-2017,9000,872.85,28-Apr-2016,28-Dec-2017,10000,1450.95,28-Apr-2016,28-Dec-2017,11000,2144,30-Oct-2016,28-Sep-2017,9000,366.85,30-Oct-2016,28-Sep-2017,10000,957.65,30-Oct-2016,28-Sep-2017,11000,1766.8,28-Apr-2016,29-Jun-2017,9000,920.1,28-Apr-2016,29-Jun-2017,10000,1583.9,28-Apr-2016,29-Jun-2017,11000,2367.2,03-May-2016,30-Mar-2017,9000,971.5,03-May-2016,30-Mar-2017,10000,1721.1,11-Aug-2016,30-Mar-2017,11000,1950.3
29-Apr-2016,28-Dec-2017,9000,845.75,29-Apr-2016,28-Dec-2017,10000,1424.6,29-Apr-2016,28-Dec-2017,11000,2121.45,01-Nov-2016,28-Sep-2017,9000,354.3,01-Nov-2016,28-Sep-2017,10000,949.05,01-Nov-2016,28-Sep-2017,11000,1765.75,29-Apr-2016,29-Jun-2017,9000,897.3,29-Apr-2016,29-Jun-2017,10000,1564.25,29-Apr-2016,29-Jun-2017,11000,2352.7,04-May-2016,30-Mar-2017,9000,986.25,04-May-2016,30-Mar-2017,10000,1747.45,12-Aug-2016,30-Mar-2017,11000,1876.8
02-May-2016,28-Dec-2017,9000,850.85,02-May-2016,28-Dec-2017,10000,1439.05,02-May-2016,28-Dec-2017,11000,2145.7,02-Nov-2016,28-Sep-2017,9000,435.4,02-Nov-2016,28-Sep-2017,10000,1059.1,02-Nov-2016,28-Sep-2017,11000,1882.55,02-May-2016,29-Jun-2017,9000,909.1,02-May-2016,29-Jun-2017,10000,1587.9,02-May-2016,29-Jun-2017,11000,2387.1,05-May-2016,30-Mar-2017,9000,957.15,05-May-2016,30-Mar-2017,10000,1719,16-Aug-2016,30-Mar-2017,11000,1910.25
03-May-2016,28-Dec-2017,9000,869.05,03-May-2016,28-Dec-2017,10000,1468.15,03-May-2016,28-Dec-2017,11000,2183.8,03-Nov-2016,28-Sep-2017,9000,437.7,03-Nov-2016,28-Sep-2017,10000,1072.75,03-Nov-2016,28-Sep-2017,11000,1905.95,03-May-2016,29-Jun-2017,9000,934.45,03-May-2016,29-Jun-2017,10000,1625.9,03-May-2016,29-Jun-2017,11000,2434.5,06-May-2016,30-Mar-2017,9000,945.75,06-May-2016,30-Mar-2017,10000,1714.5,17-Aug-2016,30-Mar-2017,11000,1928.05
04-May-2016,28-Dec-2017,9000,871.95,04-May-2016,28-Dec-2017,10000,1479.4,04-May-2016,28-Dec-2017,11000,2203.5,04-Nov-2016,28-Sep-2017,9000,458.2,04-Nov-2016,28-Sep-2017,10000,1109.75,04-Nov-2016,28-Sep-2017,11000,1953.05,04-May-2016,29-Jun-2017,9000,944.45,04-May-2016,29-Jun-2017,10000,1646.55,04-May-2016,29-Jun-2017,11000,2463.8,09-May-2016,30-Mar-2017,9000,896.75,09-May-2016,30-Mar-2017,10000,1630.05,18-Aug-2016,30-Mar-2017,11000,1880.95
05-May-2016,28-Dec-2017,9000,842.2,05-May-2016,28-Dec-2017,10000,1448.3,05-May-2016,28-Dec-2017,11000,2174.3,07-Nov-2016,28-Sep-2017,9000,429.7,07-Nov-2016,28-Sep-2017,10000,1064.75,07-Nov-2016,28-Sep-2017,11000,1899.95,05-May-2016,29-Jun-2017,9000,915,05-May-2016,29-Jun-2017,10000,1617.05,05-May-2016,29-Jun-2017,11000,2436.85,10-May-2016,30-Mar-2017,9000,868.9,10-May-2016,30-Mar-2017,10000,1603.15,19-Aug-2016,30-Mar-2017,11000,1887.1
06-May-2016,28-Dec-2017,9000,1001,06-May-2016,28-Dec-2017,10000,1433.85,06-May-2016,28-Dec-2017,11000,2166,08-Nov-2016,28-Sep-2017,9000,403.4,08-Nov-2016,28-Sep-2017,10000,1026.55,08-Nov-2016,28-Sep-2017,11000,1857.4,06-May-2016,29-Jun-2017,9000,900.75,06-May-2016,29-Jun-2017,10000,1608.8,06-May-2016,29-Jun-2017,11000,2435.1,11-May-2016,30-Mar-2017,9000,882.65,11-May-2016,30-Mar-2017,10000,1629.2,22-Aug-2016,30-Mar-2017,11000,1928.6
09-May-2016,28-Dec-2017,9000,810.6,09-May-2016,28-Dec-2017,10000,1393.65,09-May-2016,28-Dec-2017,11000,2099.5,09-Nov-2016,28-Sep-2017,9000,486.35,09-Nov-2016,28-Sep-2017,10000,1136.15,09-Nov-2016,28-Sep-2017,11000,1972.9,09-May-2016,29-Jun-2017,9000,866.2,09-May-2016,29-Jun-2017,10000,1541.05,09-May-2016,29-Jun-2017,11000,2341.15,12-May-2016,30-Mar-2017,9000,841.4,12-May-2016,30-Mar-2017,10000,1580.1,23-Aug-2016,30-Mar-2017,11000,1925.9
10-May-2016,28-Dec-2017,9000,779.65,10-May-2016,28-Dec-2017,10000,1360.8,10-May-2016,28-Dec-2017,11000,2068.35,10-Nov-2016,28-Sep-2017,9000,458.4,10-Nov-2016,28-Sep-2017,10000,1080.3,10-Nov-2016,28-Sep-2017,11000,1896.9,10-May-2016,29-Jun-2017,9000,837.05,10-May-2016,29-Jun-2017,10000,1511.85,10-May-2016,29-Jun-2017,11000,2314.8,13-May-2016,30-Mar-2017,9000,902.7,13-May-2016,30-Mar-2017,10000,1657.2,24-Aug-2016,30-Mar-2017,11000,1910.05
11-May-2016,28-Dec-2017,9000,782.7,11-May-2016,28-Dec-2017,10000,1372.6,11-May-2016,28-Dec-2017,11000,2089.3,11-Nov-2016,28-Sep-2017,9000,709.1,11-Nov-2016,28-Sep-2017,10000,1364.3,11-Nov-2016,28-Sep-2017,11000,2169.75,11-May-2016,29-Jun-2017,9000,846.45,11-May-2016,29-Jun-2017,10000,1532.45,11-May-2016,29-Jun-2017,11000,2344.75,16-May-2016,30-Mar-2017,9000,865.2,16-May-2016,30-Mar-2017,10000,1615.7,25-Aug-2016,30-Mar-2017,11000,1968.15
12-May-2016,28-Dec-2017,9000,745.15,12-May-2016,28-Dec-2017,10000,1326,12-May-2016,28-Dec-2017,11000,2037.55,15-Nov-2016,28-Sep-2017,9000,881.6,15-Nov-2016,28-Sep-2017,10000,1566.75,15-Nov-2016,28-Sep-2017,11000,2381.05,12-May-2016,29-Jun-2017,9000,806.65,12-May-2016,29-Jun-2017,10000,1484.2,12-May-2016,29-Jun-2017,11000,2292.85,17-May-2016,30-Mar-2017,9000,834.15,17-May-2016,30-Mar-2017,10000,1583.3,26-Aug-2016,30-Mar-2017,11000,1987.6
13-May-2016,28-Dec-2017,9000,796.15,13-May-2016,28-Dec-2017,10000,1392.65,13-May-2016,28-Dec-2017,11000,2114.05,16-Nov-2016,28-Sep-2017,9000,863.85,16-Nov-2016,28-Sep-2017,10000,1554.05,16-Nov-2016,28-Sep-2017,11000,2375.8,13-May-2016,29-Jun-2017,9000,863.8,13-May-2016,29-Jun-2017,10000,1557.3,13-May-2016,29-Jun-2017,11000,2374.6,18-May-2016,30-Mar-2017,9000,837.05,18-May-2016,30-Mar-2017,10000,1597.05,29-Aug-2016,30-Mar-2017,11000,1958.55
16-May-2016,28-Dec-2017,9000,761.2,16-May-2016,28-Dec-2017,10000,1351.6,16-May-2016,28-Dec-2017,11000,2070.75,17-Nov-2016,28-Sep-2017,9000,867.35,17-Nov-2016,28-Sep-2017,10000,1568.65,17-Nov-2016,28-Sep-2017,11000,2400.4,16-May-2016,29-Jun-2017,9000,827.3,16-May-2016,29-Jun-2017,10000,1515.8,16-May-2016,29-Jun-2017,11000,2332.35,19-May-2016,30-Mar-2017,9000,905.45,19-May-2016,30-Mar-2017,10000,1680.8,30-Aug-2016,30-Mar-2017,11000,1832.65
17-May-2016,28-Dec-2017,9000,729.1,17-May-2016,28-Dec-2017,10000,1315.25,17-May-2016,28-Dec-2017,11000,2034.7,18-Nov-2016,28-Sep-2017,9000,853,18-Nov-2016,28-Sep-2017,10000,1560.6,18-Nov-2016,28-Sep-2017,11000,2399.45,17-May-2016,29-Jun-2017,9000,795.75,17-May-2016,29-Jun-2017,10000,1481.95,17-May-2016,29-Jun-2017,11000,2299.65,20-May-2016,30-Mar-2017,9000,919,20-May-2016,30-Mar-2017,10000,1705.95,31-Aug-2016,30-Mar-2017,11000,1794.8
18-May-2016,28-Dec-2017,9000,723.65,18-May-2016,28-Dec-2017,10000,1317.85,18-May-2016,28-Dec-2017,11000,2046,21-Nov-2016,28-Sep-2017,9000,974.95,21-Nov-2016,28-Sep-2017,10000,1704.5,21-Nov-2016,28-Sep-2017,11000,2551.9,18-May-2016,29-Jun-2017,9000,795.25,18-May-2016,29-Jun-2017,10000,1491.4,18-May-2016,29-Jun-2017,11000,2317.95,23-May-2016,30-Mar-2017,9000,923.6,23-May-2016,30-Mar-2017,10000,1721.3,01-Sep-2016,30-Mar-2017,11000,1804.7
19-May-2016,28-Dec-2017,9000,782.7,19-May-2016,28-Dec-2017,10000,1393.6,19-May-2016,28-Dec-2017,11000,2131.85,22-Nov-2016,28-Sep-2017,9000,926.1,22-Nov-2016,28-Sep-2017,10000,1644.05,22-Nov-2016,28-Sep-2017,11000,2485.5,19-May-2016,29-Jun-2017,9000,859.95,19-May-2016,29-Jun-2017,10000,1572.3,19-May-2016,29-Jun-2017,11000,2406.6,24-May-2016,30-Mar-2017,9000,901.15,24-May-2016,30-Mar-2017,10000,1701.75,02-Sep-2016,30-Mar-2017,11000,1770.3
20-May-2016,28-Dec-2017,9000,785.2,20-May-2016,28-Dec-2017,10000,1405.15,20-May-2016,28-Dec-2017,11000,2152.25,23-Nov-2016,28-Sep-2017,9000,894.4,23-Nov-2016,28-Sep-2017,10000,1611.85,23-Nov-2016,28-Sep-2017,11000,2455.9,20-May-2016,29-Jun-2017,9000,869,20-May-2016,29-Jun-2017,10000,1592.45,20-May-2016,29-Jun-2017,11000,2435,25-May-2016,30-Mar-2017,9000,863.6,25-May-2016,30-Mar-2017,10000,1595.05,06-Sep-2016,30-Mar-2017,11000,1657.5
23-May-2016,28-Dec-2017,9000,779.55,23-May-2016,28-Dec-2017,10000,1407.7,23-May-2016,28-Dec-2017,11000,2163.7,24-Nov-2016,28-Sep-2017,9000,929.5,24-Nov-2016,28-Sep-2017,10000,1662.6,24-Nov-2016,28-Sep-2017,11000,2517.1,23-May-2016,29-Jun-2017,9000,869.15,23-May-2016,29-Jun-2017,10000,1603.05,23-May-2016,29-Jun-2017,11000,2454.05,26-May-2016,30-Mar-2017,9000,816.3,26-May-2016,30-Mar-2017,10000,1513.05,07-Sep-2016,30-Mar-2017,11000,1680.1
24-May-2016,28-Dec-2017,9000,753.8,24-May-2016,28-Dec-2017,10000,1382.2,24-May-2016,28-Dec-2017,11000,2141.5,25-Nov-2016,28-Sep-2017,9000,877.7,25-Nov-2016,28-Sep-2017,10000,1573.9,25-Nov-2016,28-Sep-2017,11000,2400.6,24-May-2016,29-Jun-2017,9000,845.3,24-May-2016,29-Jun-2017,10000,1581.35,24-May-2016,29-Jun-2017,11000,2435.85,27-May-2016,30-Mar-2017,9000,768,27-May-2016,30-Mar-2017,10000,1446.35,08-Sep-2016,30-Mar-2017,11000,1647.55
25-May-2016,28-Dec-2017,9000,788.45,25-May-2016,28-Dec-2017,10000,1367.85,25-May-2016,28-Dec-2017,11000,2072.95,28-Nov-2016,28-Sep-2017,9000,848.45,28-Nov-2016,28-Sep-2017,10000,1546.7,28-Nov-2016,28-Sep-2017,11000,2378.2,25-May-2016,29-Jun-2017,9000,837.4,25-May-2016,29-Jun-2017,10000,1509.2,25-May-2016,29-Jun-2017,11000,2310.25,30-May-2016,30-Mar-2017,9000,740.65,30-May-2016,30-Mar-2017,10000,1420.35,09-Sep-2016,30-Mar-2017,11000,1735
26-May-2016,28-Dec-2017,9000,772.6,26-May-2016,28-Dec-2017,10000,1328.25,26-May-2016,28-Dec-2017,11000,2009,29-Nov-2016,28-Sep-2017,9000,823.65,29-Nov-2016,28-Sep-2017,10000,1524,29-Nov-2016,28-Sep-2017,11000,2360.1,26-May-2016,29-Jun-2017,9000,802.9,26-May-2016,29-Jun-2017,10000,1443.85,26-May-2016,29-Jun-2017,11000,2218.35,31-May-2016,30-Mar-2017,9000,734.4,31-May-2016,30-Mar-2017,10000,1422.65,12-Sep-2016,30-Mar-2017,11000,1896.5
27-May-2016,28-Dec-2017,9000,735.15,27-May-2016,28-Dec-2017,10000,1275.65,27-May-2016,28-Dec-2017,11000,1943.6,30-Nov-2016,28-Sep-2017,9000,775.85,30-Nov-2016,28-Sep-2017,10000,1459.8,30-Nov-2016,28-Sep-2017,11000,2286.25,27-May-2016,29-Jun-2017,9000,759.05,27-May-2016,29-Jun-2017,10000,1382.55,27-May-2016,29-Jun-2017,11000,2144.7,01-Jun-2016,30-Mar-2017,9000,709.25,01-Jun-2016,30-Mar-2017,10000,1398.3,14-Sep-2016,30-Mar-2017,11000,1887.05
30-May-2016,28-Dec-2017,9000,705.1,30-May-2016,28-Dec-2017,10000,1243.9,30-May-2016,28-Dec-2017,11000,1914.2,01-Dec-2016,28-Sep-2017,9000,778.85,01-Dec-2016,28-Sep-2017,10000,1473.9,01-Dec-2016,28-Sep-2017,11000,2310.25,30-May-2016,29-Jun-2017,9000,730.6,30-May-2016,29-Jun-2017,10000,1354.2,30-May-2016,29-Jun-2017,11000,2120.35,02-Jun-2016,30-Mar-2017,9000,675,02-Jun-2016,30-Mar-2017,10000,1358.4,15-Sep-2016,30-Mar-2017,11000,1870.95
31-May-2016,28-Dec-2017,9000,690.6,31-May-2016,28-Dec-2017,10000,1233.25,31-May-2016,28-Dec-2017,11000,1910.1,02-Dec-2016,28-Sep-2017,9000,851.2,02-Dec-2016,28-Sep-2017,10000,1566.8,02-Dec-2016,28-Sep-2017,11000,2413.75,31-May-2016,29-Jun-2017,9000,720.9,31-May-2016,29-Jun-2017,10000,1351.4,31-May-2016,29-Jun-2017,11000,2125.9,03-Jun-2016,30-Mar-2017,9000,658.2,03-Jun-2016,30-Mar-2017,10000,1346.05,16-Sep-2016,30-Mar-2017,11000,1835.2
01-Jun-2016,28-Dec-2017,9000,662.95,01-Jun-2016,28-Dec-2017,10000,1203.8,01-Jun-2016,28-Dec-2017,11000,1882.8,05-Dec-2016,28-Sep-2017,9000,814.8,05-Dec-2016,28-Sep-2017,10000,1527.45,05-Dec-2016,28-Sep-2017,11000,2375.7,01-Jun-2016,29-Jun-2017,9000,694.75,01-Jun-2016,29-Jun-2017,10000,1325,01-Jun-2016,29-Jun-2017,11000,2102.95,06-Jun-2016,30-Mar-2017,9000,655.65,06-Jun-2016,30-Mar-2017,10000,1354.55,19-Sep-2016,30-Mar-2017,11000,1810.6
02-Jun-2016,28-Dec-2017,9000,629,02-Jun-2016,28-Dec-2017,10000,1162.65,02-Jun-2016,28-Dec-2017,11000,1838.65,06-Dec-2016,28-Sep-2017,9000,788.4,06-Dec-2016,28-Sep-2017,10000,1502.2,06-Dec-2016,28-Sep-2017,11000,2354.15,02-Jun-2016,29-Jun-2017,9000,660.6,02-Jun-2016,29-Jun-2017,10000,1284.55,02-Jun-2016,29-Jun-2017,11000,2061.05,07-Jun-2016,30-Mar-2017,9000,618.4,07-Jun-2016,30-Mar-2017,10000,1303.4,20-Sep-2016,30-Mar-2017,11000,1842.25
03-Jun-2016,28-Dec-2017,9000,606.7,03-Jun-2016,28-Dec-2017,10000,1140.7,03-Jun-2016,28-Dec-2017,11000,1821.05,07-Dec-2016,28-Sep-2017,9000,800.7,07-Dec-2016,28-Sep-2017,10000,1527.45,07-Dec-2016,28-Sep-2017,11000,2389,03-Jun-2016,29-Jun-2017,9000,641.55,03-Jun-2016,29-Jun-2017,10000,1268.4,03-Jun-2016,29-Jun-2017,11000,2050.75,08-Jun-2016,30-Mar-2017,9000,601.1,08-Jun-2016,30-Mar-2017,10000,1289.85,21-Sep-2016,30-Mar-2017,11000,1842.25
06-Jun-2016,28-Dec-2017,9000,715,06-Jun-2016,28-Dec-2017,10000,1135.95,06-Jun-2016,28-Dec-2017,11000,1824.8,08-Dec-2016,28-Sep-2017,9000,749.5,08-Dec-2016,28-Sep-2017,10000,1433.8,08-Dec-2016,28-Sep-2017,11000,2263.85,06-Jun-2016,29-Jun-2017,9000,635.75,06-Jun-2016,29-Jun-2017,10000,1271.65,06-Jun-2016,29-Jun-2017,11000,2063.9,09-Jun-2016,30-Mar-2017,9000,640.35,09-Jun-2016,30-Mar-2017,10000,1347.55,22-Sep-2016,30-Mar-2017,11000,1759.25
07-Jun-2016,28-Dec-2017,9000,567.75,07-Jun-2016,28-Dec-2017,10000,1095.75,07-Jun-2016,28-Dec-2017,11000,1776.4,09-Dec-2016,28-Sep-2017,9000,724.75,09-Dec-2016,28-Sep-2017,10000,1410.4,09-Dec-2016,28-Sep-2017,11000,2244.85,07-Jun-2016,29-Jun-2017,9000,602.05,07-Jun-2016,29-Jun-2017,10000,1224.7,07-Jun-2016,29-Jun-2017,11000,2009.4,10-Jun-2016,30-Mar-2017,9000,649.7,10-Jun-2016,30-Mar-2017,10000,1369.85,23-Sep-2016,30-Mar-2017,11000,1793.8
08-Jun-2016,28-Dec-2017,9000,546.5,08-Jun-2016,28-Dec-2017,10000,1074.5,08-Jun-2016,28-Dec-2017,11000,1759.45,12-Dec-2016,28-Sep-2017,9000,779.55,12-Dec-2016,28-Sep-2017,10000,1486.2,12-Dec-2016,28-Sep-2017,11000,2333,08-Jun-2016,29-Jun-2017,9000,583.05,08-Jun-2016,29-Jun-2017,10000,1208.05,08-Jun-2016,29-Jun-2017,11000,1998.4,13-Jun-2016,30-Mar-2017,9000,683.65,13-Jun-2016,30-Mar-2017,10000,1422.05,26-Sep-2016,30-Mar-2017,11000,1906.9
09-Jun-2016,28-Dec-2017,9000,576.1,09-Jun-2016,28-Dec-2017,10000,1119.3,09-Jun-2016,28-Dec-2017,11000,1816.4,13-Dec-2016,28-Sep-2017,9000,742.5,13-Dec-2016,28-Sep-2017,10000,1442.3,13-Dec-2016,28-Sep-2017,11000,2287.5,09-Jun-2016,29-Jun-2017,9000,618.3,09-Jun-2016,29-Jun-2017,10000,1260.85,09-Jun-2016,29-Jun-2017,11000,2062.4,14-Jun-2016,30-Mar-2017,9000,669.8,14-Jun-2016,30-Mar-2017,10000,1413.6,27-Sep-2016,30-Mar-2017,11000,1923.4
10-Jun-2016,28-Dec-2017,9000,576.5,10-Jun-2016,28-Dec-2017,10000,1128.25,10-Jun-2016,28-Dec-2017,11000,1835,14-Dec-2016,28-Sep-2017,9000,753.55,14-Dec-2016,28-Sep-2017,10000,1466.8,14-Dec-2016,28-Sep-2017,11000,2322.35,10-Jun-2016,29-Jun-2017,9000,623.95,10-Jun-2016,29-Jun-2017,10000,1277.65,10-Jun-2016,29-Jun-2017,11000,2089.45,15-Jun-2016,30-Mar-2017,9000,627.85,15-Jun-2016,30-Mar-2017,10000,1341.8,28-Sep-2016,30-Mar-2017,11000,1888.6
13-Jun-2016,28-Dec-2017,9000,600.15,13-Jun-2016,28-Dec-2017,10000,1166.5,13-Jun-2016,28-Dec-2017,11000,1885.6,15-Dec-2016,28-Sep-2017,9000,756.45,15-Dec-2016,28-Sep-2017,10000,1480.65,15-Dec-2016,28-Sep-2017,11000,2344.9,13-Jun-2016,29-Jun-2017,9000,653.65,13-Jun-2016,29-Jun-2017,10000,1324.55,13-Jun-2016,29-Jun-2017,11000,2147.8,16-Jun-2016,30-Mar-2017,9000,666.95,16-Jun-2016,30-Mar-2017,10000,1398.8,29-Sep-2016,30-Mar-2017,11000,2047.8
14-Jun-2016,28-Dec-2017,9000,579.25,14-Jun-2016,28-Dec-2017,10000,1146.15,14-Jun-2016,28-Dec-2017,11000,1869.4,16-Dec-2016,28-Sep-2017,9000,750.15,16-Dec-2016,28-Sep-2017,10000,1483,16-Dec-2016,28-Sep-2017,11000,2354.8,14-Jun-2016,29-Jun-2017,9000,636.85,14-Jun-2016,29-Jun-2017,10000,1311.45,14-Jun-2016,29-Jun-2017,11000,2140.1,17-Jun-2016,30-Mar-2017,9000,638.3,17-Jun-2016,30-Mar-2017,10000,1367.25,30-Sep-2016,30-Mar-2017,11000,2029.05
15-Jun-2016,28-Dec-2017,9000,558.95,15-Jun-2016,28-Dec-2017,10000,1103.5,15-Jun-2016,28-Dec-2017,11000,1805.5,19-Dec-2016,28-Sep-2017,9000,760.2,19-Dec-2016,28-Sep-2017,10000,1506.95,19-Dec-2016,28-Sep-2017,11000,2388.4,15-Jun-2016,29-Jun-2017,9000,603.9,15-Jun-2016,29-Jun-2017,10000,1250.75,15-Jun-2016,29-Jun-2017,11000,2059.4,20-Jun-2016,30-Mar-2017,9000,600.85,20-Jun-2016,30-Mar-2017,10000,1314.7,03-Oct-2016,30-Mar-2017,11000,1917.5
16-Jun-2016,28-Dec-2017,9000,588.15,16-Jun-2016,28-Dec-2017,10000,1147.95,16-Jun-2016,28-Dec-2017,11000,1861.85,20-Dec-2016,28-Sep-2017,9000,760.95,20-Dec-2016,28-Sep-2017,10000,1518,20-Dec-2016,28-Sep-2017,11000,2406.8,16-Jun-2016,29-Jun-2017,9000,638.9,16-Jun-2016,29-Jun-2017,10000,1302.95,16-Jun-2016,29-Jun-2017,11000,2122.2,21-Jun-2016,30-Mar-2017,9000,599.6,21-Jun-2016,30-Mar-2017,10000,1323.7,04-Oct-2016,30-Mar-2017,11000,1888.2
17-Jun-2016,28-Dec-2017,9000,559.1,17-Jun-2016,28-Dec-2017,10000,1113.3,17-Jun-2016,28-Dec-2017,11000,1826.25,21-Dec-2016,28-Sep-2017,9000,762.15,21-Dec-2016,28-Sep-2017,10000,1529.45,21-Dec-2016,28-Sep-2017,11000,2425.1,17-Jun-2016,29-Jun-2017,9000,610.05,17-Jun-2016,29-Jun-2017,10000,1270.1,17-Jun-2016,29-Jun-2017,11000,2089.95,22-Jun-2016,30-Mar-2017,9000,600.1,22-Jun-2016,30-Mar-2017,10000,1335.4,05-Oct-2016,30-Mar-2017,11000,1919.35
20-Jun-2016,28-Dec-2017,9000,532.6,20-Jun-2016,28-Dec-2017,10000,1073.6,20-Jun-2016,28-Dec-2017,11000,1777,22-Dec-2016,28-Sep-2017,9000,821.65,22-Dec-2016,28-Sep-2017,10000,1604.95,22-Dec-2016,28-Sep-2017,11000,2506.5,20-Jun-2016,29-Jun-2017,9000,577.05,20-Jun-2016,29-Jun-2017,10000,1222.3,20-Jun-2016,29-Jun-2017,11000,2034.05,23-Jun-2016,30-Mar-2017,9000,564.25,23-Jun-2016,30-Mar-2017,10000,1282.2,06-Oct-2016,30-Mar-2017,11000,1953.7
21-Jun-2016,28-Dec-2017,9000,523.6,21-Jun-2016,28-Dec-2017,10000,1070,21-Jun-2016,28-Dec-2017,11000,1781.45,23-Dec-2016,28-Sep-2017,9000,805.15,23-Dec-2016,28-Sep-2017,10000,1593.4,23-Dec-2016,28-Sep-2017,11000,2499.3,21-Jun-2016,29-Jun-2017,9000,572.6,21-Jun-2016,29-Jun-2017,10000,1226.45,21-Jun-2016,29-Jun-2017,11000,2046.75,24-Jun-2016,30-Mar-2017,9000,754.8,24-Jun-2016,30-Mar-2017,10000,1488.8,07-Oct-2016,30-Mar-2017,11000,1966.45
22-Jun-2016,28-Dec-2017,9000,517.75,22-Jun-2016,28-Dec-2017,10000,1071.6,22-Jun-2016,28-Dec-2017,11000,1792.8,26-Dec-2016,28-Sep-2017,9000,863.25,26-Dec-2016,28-Sep-2017,10000,1667.7,26-Dec-2016,28-Sep-2017,11000,2579.75,22-Jun-2016,29-Jun-2017,9000,570.4,22-Jun-2016,29-Jun-2017,10000,1234.25,22-Jun-2016,29-Jun-2017,11000,2063.95,27-Jun-2016,30-Mar-2017,9000,737.9,27-Jun-2016,30-Mar-2017,10000,1478.15,10-Oct-2016,30-Mar-2017,11000,1959.95
23-Jun-2016,28-Dec-2017,9000,493.5,23-Jun-2016,28-Dec-2017,10000,1033,23-Jun-2016,28-Dec-2017,11000,1743.4,27-Dec-2016,28-Sep-2017,9000,809.4,27-Dec-2016,28-Sep-2017,10000,1575.55,27-Dec-2016,28-Sep-2017,11000,2467.05,23-Jun-2016,29-Jun-2017,9000,539.3,23-Jun-2016,29-Jun-2017,10000,1186.55,23-Jun-2016,29-Jun-2017,11000,2006.9,28-Jun-2016,30-Mar-2017,9000,705.25,28-Jun-2016,30-Mar-2017,10000,1441.9,13-Oct-2016,30-Mar-2017,11000,2102.55
24-Jun-2016,28-Dec-2017,9000,691.65,24-Jun-2016,28-Dec-2017,10000,1263.7,24-Jun-2016,28-Dec-2017,11000,1975.05,28-Dec-2016,28-Sep-2017,9000,794.9,28-Dec-2016,28-Sep-2017,10000,1566.9,28-Dec-2016,28-Sep-2017,11000,2463.6,24-Jun-2016,29-Jun-2017,9000,733.25,24-Jun-2016,29-Jun-2017,10000,1402.85,24-Jun-2016,29-Jun-2017,11000,2215.6,29-Jun-2016,30-Mar-2017,9000,662.3,29-Jun-2016,30-Mar-2017,10000,1380.45,14-Oct-2016,30-Mar-2017,11000,2093.7
27-Jun-2016,28-Dec-2017,9000,669.35,27-Jun-2016,28-Dec-2017,10000,1243.3,27-Jun-2016,28-Dec-2017,11000,1960.25,29-Dec-2016,28-Sep-2017,9000,749.85,29-Dec-2016,28-Sep-2017,10000,1507.15,29-Dec-2016,28-Sep-2017,11000,2397.6,27-Jun-2016,29-Jun-2017,9000,714.1,27-Jun-2016,29-Jun-2017,10000,1388.35,27-Jun-2016,29-Jun-2017,11000,2207.85,30-Jun-2016,30-Mar-2017,9000,619.55,30-Jun-2016,30-Mar-2017,10000,1316,17-Oct-2016,30-Mar-2017,11000,2161.4
28-Jun-2016,28-Dec-2017,9000,635.75,28-Jun-2016,28-Dec-2017,10000,1203.35,28-Jun-2016,28-Dec-2017,11000,1918.45,30-Dec-2016,28-Sep-2017,9000,703.05,30-Dec-2016,28-Sep-2017,10000,1439.65,30-Dec-2016,28-Sep-2017,11000,2319.7,28-Jun-2016,29-Jun-2017,9000,681.05,28-Jun-2016,29-Jun-2017,10000,1350.55,28-Jun-2016,29-Jun-2017,11000,2169.95,01-Jul-2016,30-Mar-2017,9000,588.4,01-Jul-2016,30-Mar-2017,10000,1278.6,18-Oct-2016,30-Mar-2017,11000,2013.45
29-Jun-2016,28-Dec-2017,9000,605,29-Jun-2016,28-Dec-2017,10000,1157.1,29-Jun-2016,28-Dec-2017,11000,1859.85,02-Jan-2017,28-Sep-2017,9000,694.55,02-Jan-2017,28-Sep-2017,10000,1440.5,02-Jan-2017,28-Sep-2017,11000,2328.5,29-Jun-2016,29-Jun-2017,9000,643.15,29-Jun-2016,29-Jun-2017,10000,1294.9,29-Jun-2016,29-Jun-2017,11000,2103.2,04-Jul-2016,30-Mar-2017,9000,558.55,04-Jul-2016,30-Mar-2017,10000,1243.85,19-Oct-2016,30-Mar-2017,11000,2030.25
30-Jun-2016,28-Dec-2017,9000,576,30-Jun-2016,28-Dec-2017,10000,1111.05,30-Jun-2016,28-Dec-2017,11000,1799.3,03-Jan-2017,28-Sep-2017,9000,674.9,03-Jan-2017,28-Sep-2017,10000,1424.1,03-Jan-2017,28-Sep-2017,11000,2316.4,30-Jun-2016,29-Jun-2017,9000,606.1,30-Jun-2016,29-Jun-2017,10000,1237.85,30-Jun-2016,29-Jun-2017,11000,2032.15,05-Jul-2016,30-Mar-2017,9000,567.95,05-Jul-2016,30-Mar-2017,10000,1267.35,20-Oct-2016,30-Mar-2017,11000,1991.9
01-Jul-2016,28-Dec-2017,9000,546.95,01-Jul-2016,28-Dec-2017,10000,1075,01-Jul-2016,28-Dec-2017,11000,1760.75,04-Jan-2017,28-Sep-2017,9000,661.2,04-Jan-2017,28-Sep-2017,10000,1416,04-Jan-2017,28-Sep-2017,11000,2313.25,01-Jul-2016,29-Jun-2017,9000,575.8,01-Jul-2016,29-Jun-2017,10000,1200.9,01-Jul-2016,29-Jun-2017,11000,1993.9,07-Jul-2016,30-Mar-2017,9000,554.05,07-Jul-2016,30-Mar-2017,10000,1259.35,21-Oct-2016,30-Mar-2017,11000,1997.1
04-Jul-2016,28-Dec-2017,9000,597.75,04-Jul-2016,28-Dec-2017,10000,1042.75,04-Jul-2016,28-Dec-2017,11000,1727.4,05-Jan-2017,28-Sep-2017,9000,616.5,05-Jan-2017,28-Sep-2017,10000,1346.7,05-Jan-2017,28-Sep-2017,11000,2231.95,04-Jul-2016,29-Jun-2017,9000,547.3,04-Jul-2016,29-Jun-2017,10000,1166.95,04-Jul-2016,29-Jun-2017,11000,1960.1,08-Jul-2016,30-Mar-2017,9000,550.05,08-Jul-2016,30-Mar-2017,10000,1264.75,24-Oct-2016,30-Mar-2017,11000,1985
05-Jul-2016,28-Dec-2017,9000,521.7,05-Jul-2016,28-Dec-2017,10000,1053,05-Jul-2016,28-Dec-2017,11000,1748.3,06-Jan-2017,28-Sep-2017,9000,621.95,06-Jan-2017,28-Sep-2017,10000,1363.85,06-Jan-2017,28-Sep-2017,11000,2256.4,05-Jul-2016,29-Jun-2017,9000,553.3,05-Jul-2016,29-Jun-2017,10000,1185.25,05-Jul-2016,29-Jun-2017,11000,1989.35,11-Jul-2016,30-Mar-2017,9000,521.9,11-Jul-2016,30-Mar-2017,10000,1185.5,25-Oct-2016,30-Mar-2017,11000,2002.9
07-Jul-2016,28-Dec-2017,9000,670,07-Jul-2016,28-Dec-2017,10000,1180,07-Jul-2016,28-Dec-2017,11000,1736.5,09-Jan-2017,28-Sep-2017,9000,615.3,09-Jan-2017,28-Sep-2017,10000,1367.25,09-Jan-2017,28-Sep-2017,11000,2267.35,07-Jul-2016,29-Jun-2017,9000,537.35,07-Jul-2016,29-Jun-2017,10000,1173.2,07-Jul-2016,29-Jun-2017,11000,1984.5,12-Jul-2016,30-Mar-2017,9000,489.4,12-Jul-2016,30-Mar-2017,10000,1141.1,26-Oct-2016,30-Mar-2017,11000,2080.3
08-Jul-2016,28-Dec-2017,9000,680,08-Jul-2016,28-Dec-2017,10000,1028.8,08-Jul-2016,28-Dec-2017,11000,1737.25,10-Jan-2017,28-Sep-2017,9000,578.8,10-Jan-2017,28-Sep-2017,10000,1318.4,10-Jan-2017,28-Sep-2017,11000,2214.55,08-Jul-2016,29-Jun-2017,9000,530.35,08-Jul-2016,29-Jun-2017,10000,1173.75,08-Jul-2016,29-Jun-2017,11000,1993.4,13-Jul-2016,30-Mar-2017,9000,475.8,13-Jul-2016,30-Mar-2017,10000,1132.25,27-Oct-2016,30-Mar-2017,11000,2081.3
11-Jul-2016,28-Dec-2017,9000,615,11-Jul-2016,28-Dec-2017,10000,1010.1,11-Jul-2016,28-Dec-2017,11000,1681.55,11-Jan-2017,28-Sep-2017,9000,540.7,11-Jan-2017,28-Sep-2017,10000,1251.35,11-Jan-2017,28-Sep-2017,11000,2132.6,11-Jul-2016,29-Jun-2017,9000,518.35,11-Jul-2016,29-Jun-2017,10000,1118.55,11-Jul-2016,29-Jun-2017,11000,1898.35,14-Jul-2016,30-Mar-2017,9000,446.5,14-Jul-2016,30-Mar-2017,10000,1092.9,28-Oct-2016,30-Mar-2017,11000,2060.05
12-Jul-2016,28-Dec-2017,9000,590,12-Jul-2016,28-Dec-2017,10000,971.8,12-Jul-2016,28-Dec-2017,11000,1637.1,12-Jan-2017,28-Sep-2017,9000,515.3,12-Jan-2017,28-Sep-2017,10000,1222.9,12-Jan-2017,28-Sep-2017,11000,2105.65,12-Jul-2016,29-Jun-2017,9000,487.7,12-Jul-2016,29-Jun-2017,10000,1076.15,12-Jul-2016,29-Jun-2017,11000,1851.1,15-Jul-2016,30-Mar-2017,9000,446.1,15-Jul-2016,30-Mar-2017,10000,1103.35,30-Oct-2016,30-Mar-2017,11000,2075.5
13-Jul-2016,28-Dec-2017,9000,615,13-Jul-2016,28-Dec-2017,10000,953.1,13-Jul-2016,28-Dec-2017,11000,1623.15,13-Jan-2017,28-Sep-2017,9000,505.4,13-Jan-2017,28-Sep-2017,10000,1219.65,13-Jan-2017,28-Sep-2017,11000,2108.4,13-Jul-2016,29-Jun-2017,9000,472,13-Jul-2016,29-Jun-2017,10000,1063.7,13-Jul-2016,29-Jun-2017,11000,1844.9,18-Jul-2016,30-Mar-2017,9000,451.75,18-Jul-2016,30-Mar-2017,10000,1123.85,01-Nov-2016,30-Mar-2017,11000,2079.2
14-Jul-2016,28-Dec-2017,9000,600,14-Jul-2016,28-Dec-2017,10000,917.65,14-Jul-2016,28-Dec-2017,11000,1583.05,16-Jan-2017,28-Sep-2017,9000,487.35,16-Jan-2017,28-Sep-2017,10000,1205.25,16-Jan-2017,28-Sep-2017,11000,2099.3,14-Jul-2016,29-Jun-2017,9000,444,14-Jul-2016,29-Jun-2017,10000,1025.4,14-Jul-2016,29-Jun-2017,11000,1803.45,19-Jul-2016,30-Mar-2017,9000,429.7,19-Jul-2016,30-Mar-2017,10000,1099.65,02-Nov-2016,30-Mar-2017,11000,2193.6
15-Jul-2016,28-Dec-2017,9000,606.5,15-Jul-2016,28-Dec-2017,10000,915.4,15-Jul-2016,28-Dec-2017,11000,1589.15,17-Jan-2017,28-Sep-2017,9000,485.35,17-Jan-2017,28-Sep-2017,10000,1213.8,17-Jan-2017,28-Sep-2017,11000,2115,15-Jul-2016,29-Jun-2017,9000,440.7,15-Jul-2016,29-Jun-2017,10000,1031.1,15-Jul-2016,29-Jun-2017,11000,1818.55,20-Jul-2016,30-Mar-2017,9000,404,20-Jul-2016,30-Mar-2017,10000,1066.05,03-Nov-2016,30-Mar-2017,11000,2223.7
18-Jul-2016,28-Dec-2017,9000,583.85,18-Jul-2016,28-Dec-2017,10000,920.85,18-Jul-2016,28-Dec-2017,11000,1604.95,18-Jan-2017,28-Sep-2017,9000,464.7,18-Jan-2017,28-Sep-2017,10000,1192.45,18-Jan-2017,28-Sep-2017,11000,2096.1,18-Jul-2016,29-Jun-2017,9000,443.05,18-Jul-2016,29-Jun-2017,10000,1045.6,18-Jul-2016,29-Jun-2017,11000,1844.7,21-Jul-2016,30-Mar-2017,9000,429.9,21-Jul-2016,30-Mar-2017,10000,1111.85,04-Nov-2016,30-Mar-2017,11000,2276.1
19-Jul-2016,28-Dec-2017,9000,590,19-Jul-2016,28-Dec-2017,10000,891.6,19-Jul-2016,28-Dec-2017,11000,1575.9,19-Jan-2017,28-Sep-2017,9000,444.6,19-Jan-2017,28-Sep-2017,10000,1171.9,19-Jan-2017,28-Sep-2017,11000,2078.1,19-Jul-2016,29-Jun-2017,9000,420.2,19-Jul-2016,29-Jun-2017,10000,1019.3,19-Jul-2016,29-Jun-2017,11000,1820.5,22-Jul-2016,30-Mar-2017,9000,404.85,22-Jul-2016,30-Mar-2017,10000,1080.35,07-Nov-2016,30-Mar-2017,11000,2219.3
20-Jul-2016,28-Dec-2017,9000,565.85,20-Jul-2016,28-Dec-2017,10000,860.15,20-Jul-2016,28-Dec-2017,11000,1541.45,20-Jan-2017,28-Sep-2017,9000,508.2,20-Jan-2017,28-Sep-2017,10000,1256.65,20-Jan-2017,28-Sep-2017,11000,2167.05,20-Jul-2016,29-Jun-2017,9000,395.6,20-Jul-2016,29-Jun-2017,10000,986.4,20-Jul-2016,29-Jun-2017,11000,1786.05,25-Jul-2016,30-Mar-2017,9000,375.5,25-Jul-2016,30-Mar-2017,10000,1017.75,08-Nov-2016,30-Mar-2017,11000,2175.2
21-Jul-2016,28-Dec-2017,9000,600,21-Jul-2016,28-Dec-2017,10000,892.95,21-Jul-2016,28-Dec-2017,11000,1587.1,23-Jan-2017,28-Sep-2017,9000,479.85,23-Jan-2017,28-Sep-2017,10000,1221.1,23-Jan-2017,28-Sep-2017,11000,2131.2,21-Jul-2016,29-Jun-2017,9000,418.1,21-Jul-2016,29-Jun-2017,10000,1027.15,21-Jul-2016,29-Jun-2017,11000,1838.75,26-Jul-2016,30-Mar-2017,9000,391.2,26-Jul-2016,30-Mar-2017,10000,1051.6,09-Nov-2016,30-Mar-2017,11000,2288.85
22-Jul-2016,28-Dec-2017,9000,580,22-Jul-2016,28-Dec-2017,10000,860.35,22-Jul-2016,28-Dec-2017,11000,1551.9,24-Jan-2017,28-Sep-2017,9000,445.6,24-Jan-2017,28-Sep-2017,10000,1156.15,24-Jan-2017,28-Sep-2017,11000,2052.5,22-Jul-2016,29-Jun-2017,9000,393.4,22-Jul-2016,29-Jun-2017,10000,995.1,22-Jul-2016,29-Jun-2017,11000,1805.9,27-Jul-2016,30-Mar-2017,9000,369.55,27-Jul-2016,30-Mar-2017,10000,1025.5,10-Nov-2016,30-Mar-2017,11000,2199.2
25-Jul-2016,28-Dec-2017,9000,531.75,25-Jul-2016,28-Dec-2017,10000,827.45,25-Jul-2016,28-Dec-2017,11000,1496.1,25-Jan-2017,28-Sep-2017,9000,418.2,25-Jan-2017,28-Sep-2017,10000,1076.3,25-Jan-2017,28-Sep-2017,11000,1939.4,25-Jul-2016,29-Jun-2017,9000,371.55,25-Jul-2016,29-Jun-2017,10000,944.1,25-Jul-2016,29-Jun-2017,11000,1732.45,28-Jul-2016,30-Mar-2017,9000,342.95,28-Jul-2016,30-Mar-2017,10000,983.85,11-Nov-2016,30-Mar-2017,11000,2436.2
26-Jul-2016,28-Dec-2017,9000,543.5,26-Jul-2016,28-Dec-2017,10000,1010,26-Jul-2016,28-Dec-2017,11000,1529.3,27-Jan-2017,28-Sep-2017,9000,391.05,27-Jan-2017,28-Sep-2017,10000,1040.4,27-Jan-2017,28-Sep-2017,11000,1902.55,26-Jul-2016,29-Jun-2017,9000,384.15,26-Jul-2016,29-Jun-2017,10000,972.7,26-Jul-2016,29-Jun-2017,11000,1773.55,29-Jul-2016,30-Mar-2017,9000,346.55,29-Jul-2016,30-Mar-2017,10000,1000.75,15-Nov-2016,30-Mar-2017,11000,2635.85
27-Jul-2016,28-Dec-2017,9000,545,27-Jul-2016,28-Dec-2017,10000,1019.9,27-Jul-2016,28-Dec-2017,11000,1500.3,30-Jan-2017,28-Sep-2017,9000,383.5,30-Jan-2017,28-Sep-2017,10000,1042.1,30-Jan-2017,28-Sep-2017,11000,1913.65,27-Jul-2016,29-Jun-2017,9000,362.5,27-Jul-2016,29-Jun-2017,10000,945.6,27-Jul-2016,29-Jun-2017,11000,1747.4,01-Aug-2016,30-Mar-2017,9000,336.5,01-Aug-2016,30-Mar-2017,10000,997.95,16-Nov-2016,30-Mar-2017,11000,2636.2
28-Jul-2016,28-Dec-2017,9000,519.95,28-Jul-2016,28-Dec-2017,10000,1010,28-Jul-2016,28-Dec-2017,11000,1458.65,31-Jan-2017,28-Sep-2017,9000,420.85,31-Jan-2017,28-Sep-2017,10000,1102.5,31-Jan-2017,28-Sep-2017,11000,1983.7,28-Jul-2016,29-Jun-2017,9000,338.05,28-Jul-2016,29-Jun-2017,10000,907,28-Jul-2016,29-Jun-2017,11000,1702.25,02-Aug-2016,30-Mar-2017,9000,333.2,02-Aug-2016,30-Mar-2017,10000,1004.75,17-Nov-2016,30-Mar-2017,11000,2669.75
29-Jul-2016,28-Dec-2017,9000,512.6,29-Jul-2016,28-Dec-2017,10000,790.05,29-Jul-2016,28-Dec-2017,11000,1472.4,01-Feb-2017,28-Sep-2017,9000,403.35,01-Feb-2017,28-Sep-2017,10000,1024.4,01-Feb-2017,28-Sep-2017,11000,1858.5,29-Jul-2016,29-Jun-2017,9000,339,29-Jul-2016,29-Jun-2017,10000,918.75,29-Jul-2016,29-Jun-2017,11000,1724.5,03-Aug-2016,30-Mar-2017,9000,381.7,03-Aug-2016,30-Mar-2017,10000,1078.55,18-Nov-2016,30-Mar-2017,11000,2676.8
01-Aug-2016,28-Dec-2017,9000,522,01-Aug-2016,28-Dec-2017,10000,777.15,01-Aug-2016,28-Dec-2017,11000,1466.35,02-Feb-2017,28-Sep-2017,9000,382.6,02-Feb-2017,28-Sep-2017,10000,1000.9,02-Feb-2017,28-Sep-2017,11000,1838.65,01-Aug-2016,29-Jun-2017,9000,327.3,01-Aug-2016,29-Jun-2017,10000,911.75,01-Aug-2016,29-Jun-2017,11000,1725.9,04-Aug-2016,30-Mar-2017,9000,367.9,04-Aug-2016,30-Mar-2017,10000,1067.8,21-Nov-2016,30-Mar-2017,11000,2828.4
02-Aug-2016,28-Dec-2017,9000,528.9,02-Aug-2016,28-Dec-2017,10000,773.05,02-Aug-2016,28-Dec-2017,11000,1471.05,03-Feb-2017,28-Sep-2017,9000,366.8,03-Feb-2017,28-Sep-2017,10000,986.75,03-Feb-2017,28-Sep-2017,11000,1830.45,02-Aug-2016,29-Jun-2017,9000,321.9,02-Aug-2016,29-Jun-2017,10000,913.9,02-Aug-2016,29-Jun-2017,11000,1737.6,05-Aug-2016,30-Mar-2017,9000,350,05-Aug-2016,30-Mar-2017,10000,989.35,22-Nov-2016,30-Mar-2017,11000,2757.8
03-Aug-2016,28-Dec-2017,9000,551.6,03-Aug-2016,28-Dec-2017,10000,837.2,03-Aug-2016,28-Dec-2017,11000,1548.4,06-Feb-2017,28-Sep-2017,9000,338,06-Feb-2017,28-Sep-2017,10000,941.6,06-Feb-2017,28-Sep-2017,11000,1778.15,03-Aug-2016,29-Jun-2017,9000,367.15,03-Aug-2016,29-Jun-2017,10000,984.15,03-Aug-2016,29-Jun-2017,11000,1817.5,08-Aug-2016,30-Mar-2017,9000,327.9,08-Aug-2016,30-Mar-2017,10000,962.4,23-Nov-2016,30-Mar-2017,11000,2730.05
04-Aug-2016,28-Dec-2017,9000,554,04-Aug-2016,28-Dec-2017,10000,818.6,04-Aug-2016,28-Dec-2017,11000,1533.7,07-Feb-2017,28-Sep-2017,9000,342.65,07-Feb-2017,28-Sep-2017,10000,960.35,07-Feb-2017,28-Sep-2017,11000,1809.2,04-Aug-2016,29-Jun-2017,9000,352.05,04-Aug-2016,29-Jun-2017,10000,970.2,04-Aug-2016,29-Jun-2017,11000,1808.6,09-Aug-2016,30-Mar-2017,9000,334.55,09-Aug-2016,30-Mar-2017,10000,984.35,24-Nov-2016,30-Mar-2017,11000,2799.3
05-Aug-2016,28-Dec-2017,9000,489,05-Aug-2016,28-Dec-2017,10000,803.05,05-Aug-2016,28-Dec-2017,11000,1473.15,08-Feb-2017,28-Sep-2017,9000,330.4,08-Feb-2017,28-Sep-2017,10000,951.5,08-Feb-2017,28-Sep-2017,11000,1806.95,05-Aug-2016,29-Jun-2017,9000,348.55,05-Aug-2016,29-Jun-2017,10000,916.6,05-Aug-2016,29-Jun-2017,11000,1708.95,10-Aug-2016,30-Mar-2017,9000,403.65,10-Aug-2016,30-Mar-2017,10000,1082.95,25-Nov-2016,30-Mar-2017,11000,2655.15
08-Aug-2016,28-Dec-2017,9000,490,08-Aug-2016,28-Dec-2017,10000,774.05,08-Aug-2016,28-Dec-2017,11000,1443.1,09-Feb-2017,28-Sep-2017,9000,313.35,09-Feb-2017,28-Sep-2017,10000,933.5,09-Feb-2017,28-Sep-2017,11000,1793.1,08-Aug-2016,29-Jun-2017,9000,326.55,08-Aug-2016,29-Jun-2017,10000,888.65,08-Aug-2016,29-Jun-2017,11000,1682.25,11-Aug-2016,30-Mar-2017,9000,385.1,11-Aug-2016,30-Mar-2017,10000,1064.05,28-Nov-2016,30-Mar-2017,11000,2644.45
09-Aug-2016,28-Dec-2017,9000,500,09-Aug-2016,28-Dec-2017,10000,782.5,09-Aug-2016,28-Dec-2017,11000,1462.55,10-Feb-2017,28-Sep-2017,9000,295.6,10-Feb-2017,28-Sep-2017,10000,913.15,10-Feb-2017,28-Sep-2017,11000,1776.15,09-Aug-2016,29-Jun-2017,9000,330.45,09-Aug-2016,29-Jun-2017,10000,905.55,09-Aug-2016,29-Jun-2017,11000,1710.3,12-Aug-2016,30-Mar-2017,9000,354.85,12-Aug-2016,30-Mar-2017,10000,1004.95,29-Nov-2016,30-Mar-2017,11000,2631.4
10-Aug-2016,28-Dec-2017,9000,550,10-Aug-2016,28-Dec-2017,10000,873.9,10-Aug-2016,28-Dec-2017,11000,1567.35,13-Feb-2017,28-Sep-2017,9000,280.1,13-Feb-2017,28-Sep-2017,10000,898.6,13-Feb-2017,28-Sep-2017,11000,1767.45,10-Aug-2016,29-Jun-2017,9000,397.1,10-Aug-2016,29-Jun-2017,10000,1001.55,10-Aug-2016,29-Jun-2017,11000,1815.45,16-Aug-2016,30-Mar-2017,9000,359.55,16-Aug-2016,30-Mar-2017,10000,1026.55,30-Nov-2016,30-Mar-2017,11000,2551.2
11-Aug-2016,28-Dec-2017,9000,555,11-Aug-2016,28-Dec-2017,10000,850.45,11-Aug-2016,28-Dec-2017,11000,1546.15,14-Feb-2017,28-Sep-2017,9000,275.05,14-Feb-2017,28-Sep-2017,10000,901.95,14-Feb-2017,28-Sep-2017,11000,1779.1,11-Aug-2016,29-Jun-2017,9000,377.95,11-Aug-2016,29-Jun-2017,10000,980.7,11-Aug-2016,29-Jun-2017,11000,1798.2,17-Aug-2016,30-Mar-2017,9000,358.4,17-Aug-2016,30-Mar-2017,10000,1036.4,01-Dec-2016,30-Mar-2017,11000,2584.4
12-Aug-2016,28-Dec-2017,9000,526.1,12-Aug-2016,28-Dec-2017,10000,814.1,12-Aug-2016,28-Dec-2017,11000,1491.5,15-Feb-2017,28-Sep-2017,9000,307.55,15-Feb-2017,28-Sep-2017,10000,960.35,15-Feb-2017,28-Sep-2017,11000,1847.4,12-Aug-2016,29-Jun-2017,9000,353.25,12-Aug-2016,29-Jun-2017,10000,930.6,12-Aug-2016,29-Jun-2017,11000,1730.6,18-Aug-2016,30-Mar-2017,9000,331.6,18-Aug-2016,30-Mar-2017,10000,994,02-Dec-2016,30-Mar-2017,11000,2692.55
16-Aug-2016,28-Dec-2017,9000,525.75,16-Aug-2016,28-Dec-2017,10000,820.85,16-Aug-2016,28-Dec-2017,11000,1510.1,16-Feb-2017,28-Sep-2017,9000,283,16-Feb-2017,28-Sep-2017,10000,917,16-Feb-2017,28-Sep-2017,11000,1797.3,16-Aug-2016,29-Jun-2017,9000,355.2,16-Aug-2016,29-Jun-2017,10000,946.1,16-Aug-2016,29-Jun-2017,11000,1759.15,19-Aug-2016,30-Mar-2017,9000,323.75,19-Aug-2016,30-Mar-2017,10000,993.3,05-Dec-2016,30-Mar-2017,11000,2656.55
17-Aug-2016,28-Dec-2017,9000,564,17-Aug-2016,28-Dec-2017,10000,818.15,17-Aug-2016,28-Dec-2017,11000,1515.95,17-Feb-2017,28-Sep-2017,9000,260.75,17-Feb-2017,28-Sep-2017,10000,880.2,17-Feb-2017,28-Sep-2017,11000,1756.6,17-Aug-2016,29-Jun-2017,9000,351.4,17-Aug-2016,29-Jun-2017,10000,950.95,17-Aug-2016,29-Jun-2017,11000,1773.2,22-Aug-2016,30-Mar-2017,9000,335.9,22-Aug-2016,30-Mar-2017,10000,1024.85,06-Dec-2016,30-Mar-2017,11000,2642.3
18-Aug-2016,28-Dec-2017,9000,512.1,18-Aug-2016,28-Dec-2017,10000,783.35,18-Aug-2016,28-Dec-2017,11000,1472.65,20-Feb-2017,28-Sep-2017,9000,238.4,20-Feb-2017,28-Sep-2017,10000,838.3,20-Feb-2017,28-Sep-2017,11000,1707.55,18-Aug-2016,29-Jun-2017,9000,326.85,18-Aug-2016,29-Jun-2017,10000,911.4,18-Aug-2016,29-Jun-2017,11000,1727.1,23-Aug-2016,30-Mar-2017,9000,324.2,23-Aug-2016,30-Mar-2017,10000,1017.25,07-Dec-2016,30-Mar-2017,11000,2684.9
19-Aug-2016,28-Dec-2017,9000,520,19-Aug-2016,28-Dec-2017,10000,772.1,19-Aug-2016,28-Dec-2017,11000,1468.1,21-Feb-2017,28-Sep-2017,9000,220.2,21-Feb-2017,28-Sep-2017,10000,810.85,21-Feb-2017,28-Sep-2017,11000,1680,19-Aug-2016,29-Jun-2017,9000,317,19-Aug-2016,29-Jun-2017,10000,906.4,19-Aug-2016,29-Jun-2017,11000,1729.9,24-Aug-2016,30-Mar-2017,9000,307.3,24-Aug-2016,30-Mar-2017,10000,998.8,08-Dec-2016,30-Mar-2017,11000,2539.55
22-Aug-2016,28-Dec-2017,9000,523.8,22-Aug-2016,28-Dec-2017,10000,788.6,22-Aug-2016,28-Dec-2017,11000,1497.35,22-Feb-2017,28-Sep-2017,9000,205,22-Feb-2017,28-Sep-2017,10000,790.55,22-Feb-2017,28-Sep-2017,11000,1662.05,22-Aug-2016,29-Jun-2017,9000,326,22-Aug-2016,29-Jun-2017,10000,931.6,22-Aug-2016,29-Jun-2017,11000,1767.75,25-Aug-2016,30-Mar-2017,9000,337.2,25-Aug-2016,30-Mar-2017,10000,1050.55,09-Dec-2016,30-Mar-2017,11000,2526.4
23-Aug-2016,28-Dec-2017,9000,506,23-Aug-2016,28-Dec-2017,10000,772.65,23-Aug-2016,28-Dec-2017,11000,1486.3,23-Feb-2017,28-Sep-2017,9000,191.65,23-Feb-2017,28-Sep-2017,10000,774.4,23-Feb-2017,28-Sep-2017,11000,1649.75,23-Aug-2016,29-Jun-2017,9000,312.85,23-Aug-2016,29-Jun-2017,10000,920.6,23-Aug-2016,29-Jun-2017,11000,1762.6,26-Aug-2016,30-Mar-2017,9000,338.7,26-Aug-2016,30-Mar-2017,10000,1064.2,12-Dec-2016,30-Mar-2017,11000,2622.45
24-Aug-2016,28-Dec-2017,9000,504,24-Aug-2016,28-Dec-2017,10000,750.55,24-Aug-2016,28-Dec-2017,11000,1465.95,27-Feb-2017,28-Sep-2017,9000,203.5,27-Feb-2017,28-Sep-2017,10000,810.25,27-Feb-2017,28-Sep-2017,11000,1698.85,24-Aug-2016,29-Jun-2017,9000,295.75,24-Aug-2016,29-Jun-2017,10000,900.55,24-Aug-2016,29-Jun-2017,11000,1745.55,29-Aug-2016,30-Mar-2017,9000,316.55,29-Aug-2016,30-Mar-2017,10000,1034.75,13-Dec-2016,30-Mar-2017,11000,2574.9
25-Aug-2016,28-Dec-2017,9000,535,25-Aug-2016,28-Dec-2017,10000,788.95,25-Aug-2016,28-Dec-2017,11000,1515.9,28-Feb-2017,28-Sep-2017,9000,201.8,28-Feb-2017,28-Sep-2017,10000,819.35,28-Feb-2017,28-Sep-2017,11000,1716.15,25-Aug-2016,29-Jun-2017,9000,321.95,25-Aug-2016,29-Jun-2017,10000,947.25,25-Aug-2016,29-Jun-2017,11000,1801.35,30-Aug-2016,30-Mar-2017,9000,302.7,30-Aug-2016,30-Mar-2017,10000,948.9,14-Dec-2016,30-Mar-2017,11000,2625
26-Aug-2016,28-Dec-2017,9000,538,26-Aug-2016,28-Dec-2017,10000,789.25,26-Aug-2016,28-Dec-2017,11000,1524.9,01-Mar-2017,28-Sep-2017,9000,183.55,01-Mar-2017,28-Sep-2017,10000,770.95,01-Mar-2017,28-Sep-2017,11000,1654.15,26-Aug-2016,29-Jun-2017,9000,320.45,26-Aug-2016,29-Jun-2017,10000,955.7,26-Aug-2016,29-Jun-2017,11000,1817.95,31-Aug-2016,30-Mar-2017,9000,280.05,31-Aug-2016,30-Mar-2017,10000,913.65,15-Dec-2016,30-Mar-2017,11000,2647
29-Aug-2016,28-Dec-2017,9000,522,29-Aug-2016,28-Dec-2017,10000,761.95,29-Aug-2016,28-Dec-2017,11000,1495,02-Mar-2017,28-Sep-2017,9000,196.95,02-Mar-2017,28-Sep-2017,10000,806.1,02-Mar-2017,28-Sep-2017,11000,1699.2,29-Aug-2016,29-Jun-2017,9000,299.95,29-Aug-2016,29-Jun-2017,10000,926.8,29-Aug-2016,29-Jun-2017,11000,1788.55,01-Sep-2016,30-Mar-2017,9000,274.2,01-Sep-2016,30-Mar-2017,10000,915.95,16-Dec-2016,30-Mar-2017,11000,2668.6
30-Aug-2016,28-Dec-2017,9000,459.7,30-Aug-2016,28-Dec-2017,10000,751.85,30-Aug-2016,28-Dec-2017,11000,1431,03-Mar-2017,28-Sep-2017,9000,189.15,03-Mar-2017,28-Sep-2017,10000,802.8,03-Mar-2017,28-Sep-2017,11000,1702,30-Aug-2016,29-Jun-2017,9000,302.9,30-Aug-2016,29-Jun-2017,10000,871.3,30-Aug-2016,29-Jun-2017,11000,1680.1,02-Sep-2016,30-Mar-2017,9000,253.1,02-Sep-2016,30-Mar-2017,10000,883.25,19-Dec-2016,30-Mar-2017,11000,2698.6
31-Aug-2016,28-Dec-2017,9000,445,31-Aug-2016,28-Dec-2017,10000,722.3,31-Aug-2016,28-Dec-2017,11000,1396.25,06-Mar-2017,28-Sep-2017,9000,171.75,06-Mar-2017,28-Sep-2017,10000,756.85,06-Mar-2017,28-Sep-2017,11000,1644.2,31-Aug-2016,29-Jun-2017,9000,281.75,31-Aug-2016,29-Jun-2017,10000,838.2,31-Aug-2016,29-Jun-2017,11000,1643.2,06-Sep-2016,30-Mar-2017,9000,300,06-Sep-2016,30-Mar-2017,10000,812.8,20-Dec-2016,30-Mar-2017,11000,2732
01-Sep-2016,28-Dec-2017,9000,455,01-Sep-2016,28-Dec-2017,10000,712.55,01-Sep-2016,28-Dec-2017,11000,1393.3,07-Mar-2017,28-Sep-2017,9000,170,07-Mar-2017,28-Sep-2017,10000,766.2,07-Mar-2017,28-Sep-2017,11000,1662.25,01-Sep-2016,29-Jun-2017,9000,273.7,01-Sep-2016,29-Jun-2017,10000,835.5,01-Sep-2016,29-Jun-2017,11000,1648.95,07-Sep-2016,30-Mar-2017,9000,310.5,07-Sep-2016,30-Mar-2017,10000,824.2,21-Dec-2016,30-Mar-2017,11000,2750
02-Sep-2016,28-Dec-2017,9000,458.35,02-Sep-2016,28-Dec-2017,10000,682,02-Sep-2016,28-Dec-2017,11000,1550,08-Mar-2017,28-Sep-2017,9000,171.45,08-Mar-2017,28-Sep-2017,10000,781.55,08-Mar-2017,28-Sep-2017,11000,1686,02-Sep-2016,29-Jun-2017,9000,253.3,02-Sep-2016,29-Jun-2017,10000,803.55,02-Sep-2016,29-Jun-2017,11000,1613.9,08-Sep-2016,30-Mar-2017,9000,220.35,08-Sep-2016,30-Mar-2017,10000,793.25,22-Dec-2016,30-Mar-2017,11000,2830
06-Sep-2016,28-Dec-2017,9000,406,06-Sep-2016,28-Dec-2017,10000,800,06-Sep-2016,28-Dec-2017,11000,1303.4,09-Mar-2017,28-Sep-2017,9000,163,09-Mar-2017,28-Sep-2017,10000,775.85,09-Mar-2017,28-Sep-2017,11000,1685.55,06-Sep-2016,29-Jun-2017,9000,251.95,06-Sep-2016,29-Jun-2017,10000,757.2,06-Sep-2016,29-Jun-2017,11000,1519.95,09-Sep-2016,30-Mar-2017,9000,261.45,09-Sep-2016,30-Mar-2017,10000,868.15,23-Dec-2016,30-Mar-2017,11000,2824.15
07-Sep-2016,28-Dec-2017,9000,420,07-Sep-2016,28-Dec-2017,10000,820,07-Sep-2016,28-Dec-2017,11000,1475,10-Mar-2017,28-Sep-2017,9000,152.8,10-Mar-2017,28-Sep-2017,10000,765.5,10-Mar-2017,28-Sep-2017,11000,1679.25,07-Sep-2016,29-Jun-2017,9000,249.6,07-Sep-2016,29-Jun-2017,10000,763.45,07-Sep-2016,29-Jun-2017,11000,1537.45,12-Sep-2016,30-Mar-2017,9000,372.2,12-Sep-2016,30-Mar-2017,10000,1024.55,26-Dec-2016,30-Mar-2017,11000,2907.95
08-Sep-2016,28-Dec-2017,9000,402.25,08-Sep-2016,28-Dec-2017,10000,820,08-Sep-2016,28-Dec-2017,11000,1277.85,14-Mar-2017,28-Sep-2017,9000,164.45,14-Mar-2017,28-Sep-2017,10000,698.9,14-Mar-2017,28-Sep-2017,11000,1548.7,08-Sep-2016,29-Jun-2017,9000,230.4,08-Sep-2016,29-Jun-2017,10000,733.3,08-Sep-2016,29-Jun-2017,11000,1504.6,14-Sep-2016,30-Mar-2017,9000,355.4,14-Sep-2016,30-Mar-2017,10000,1009.45,27-Dec-2016,30-Mar-2017,11000,2809.8
09-Sep-2016,28-Dec-2017,9000,425,09-Sep-2016,28-Dec-2017,10000,840,09-Sep-2016,28-Dec-2017,11000,1358.65,15-Mar-2017,28-Sep-2017,9000,156,15-Mar-2017,28-Sep-2017,10000,692.5,15-Mar-2017,28-Sep-2017,11000,1549.4,09-Sep-2016,29-Jun-2017,9000,269.85,09-Sep-2016,29-Jun-2017,10000,803.25,09-Sep-2016,29-Jun-2017,11000,1590.05,15-Sep-2016,30-Mar-2017,9000,336.9,15-Sep-2016,30-Mar-2017,10000,989.7,28-Dec-2016,30-Mar-2017,11000,2790
12-Sep-2016,28-Dec-2017,9000,489.7,12-Sep-2016,28-Dec-2017,10000,863.2,12-Sep-2016,28-Dec-2017,11000,1535.25,16-Mar-2017,28-Sep-2017,9000,139.9,16-Mar-2017,28-Sep-2017,10000,646.05,16-Mar-2017,28-Sep-2017,11000,1486.45,12-Sep-2016,29-Jun-2017,9000,381.95,12-Sep-2016,29-Jun-2017,10000,961.4,12-Sep-2016,29-Jun-2017,11000,1756.8,16-Sep-2016,30-Mar-2017,9000,312.7,16-Sep-2016,30-Mar-2017,10000,955.25,29-Dec-2016,30-Mar-2017,11000,2750.8
14-Sep-2016,28-Dec-2017,9000,481,14-Sep-2016,28-Dec-2017,10000,840.75,14-Sep-2016,28-Dec-2017,11000,1516.1,17-Mar-2017,28-Sep-2017,9000,129.8,17-Mar-2017,28-Sep-2017,10000,633.25,17-Mar-2017,28-Sep-2017,11000,1478.85,14-Sep-2016,29-Jun-2017,9000,363.85,14-Sep-2016,29-Jun-2017,10000,943.15,14-Sep-2016,29-Jun-2017,11000,1743.95,19-Sep-2016,30-Mar-2017,9000,291.1,19-Sep-2016,30-Mar-2017,10000,928.3,30-Dec-2016,30-Mar-2017,11000,2702.45
15-Sep-2016,28-Dec-2017,9000,485,15-Sep-2016,28-Dec-2017,10000,949,15-Sep-2016,28-Dec-2017,11000,1491.8,20-Mar-2017,28-Sep-2017,9000,132.55,20-Mar-2017,28-Sep-2017,10000,654,20-Mar-2017,28-Sep-2017,11000,1513.55,15-Sep-2016,29-Jun-2017,9000,344.25,15-Sep-2016,29-Jun-2017,10000,920.85,15-Sep-2016,29-Jun-2017,11000,1725,20-Sep-2016,30-Mar-2017,9000,296.9,20-Sep-2016,30-Mar-2017,10000,949.95,02-Jan-2017,30-Mar-2017,11000,2691.2
16-Sep-2016,28-Dec-2017,9000,460.2,16-Sep-2016,28-Dec-2017,10000,880,16-Sep-2016,28-Dec-2017,11000,1455.05,21-Mar-2017,28-Sep-2017,9000,125.55,21-Mar-2017,28-Sep-2017,10000,648.9,21-Mar-2017,28-Sep-2017,11000,1515.8,16-Sep-2016,29-Jun-2017,9000,320.7,16-Sep-2016,29-Jun-2017,10000,887.1,16-Sep-2016,29-Jun-2017,11000,1688.8,21-Sep-2016,30-Mar-2017,9000,286.4,21-Sep-2016,30-Mar-2017,10000,944,03-Jan-2017,30-Mar-2017,11000,2680
19-Sep-2016,28-Dec-2017,9000,451.75,19-Sep-2016,28-Dec-2017,10000,753.35,19-Sep-2016,28-Dec-2017,11000,1424.75,22-Mar-2017,28-Sep-2017,9000,165.35,22-Mar-2017,28-Sep-2017,10000,730.65,22-Mar-2017,28-Sep-2017,11000,1607.5,19-Sep-2016,29-Jun-2017,9000,299.15,19-Sep-2016,29-Jun-2017,10000,858.7,19-Sep-2016,29-Jun-2017,11000,1662.1,22-Sep-2016,30-Mar-2017,9000,300,22-Sep-2016,30-Mar-2017,10000,880.2,04-Jan-2017,30-Mar-2017,11000,2683.05
20-Sep-2016,28-Dec-2017,9000,472.65,20-Sep-2016,28-Dec-2017,10000,760,20-Sep-2016,28-Dec-2017,11000,1442.3,23-Mar-2017,28-Sep-2017,9000,148.1,23-Mar-2017,28-Sep-2017,10000,688.7,23-Mar-2017,28-Sep-2017,11000,1555.25,20-Sep-2016,29-Jun-2017,9000,302,20-Sep-2016,29-Jun-2017,10000,874.55,20-Sep-2016,29-Jun-2017,11000,1689.2,23-Sep-2016,30-Mar-2017,9000,267.6,23-Sep-2016,30-Mar-2017,10000,904.4,05-Jan-2017,30-Mar-2017,11000,2608.9
21-Sep-2016,28-Dec-2017,9000,472,21-Sep-2016,28-Dec-2017,10000,905,21-Sep-2016,28-Dec-2017,11000,1433.25,24-Mar-2017,28-Sep-2017,9000,132.1,24-Mar-2017,28-Sep-2017,10000,667.05,24-Mar-2017,28-Sep-2017,11000,1534.95,21-Sep-2016,29-Jun-2017,9000,290.05,21-Sep-2016,29-Jun-2017,10000,865,21-Sep-2016,29-Jun-2017,11000,1686.45,26-Sep-2016,30-Mar-2017,9000,334.65,26-Sep-2016,30-Mar-2017,10000,1008.8,06-Jan-2017,30-Mar-2017,11000,2622.2
22-Sep-2016,28-Dec-2017,9000,435.3,22-Sep-2016,28-Dec-2017,10000,860,22-Sep-2016,28-Dec-2017,11000,1377.35,27-Mar-2017,28-Sep-2017,9000,155.5,27-Mar-2017,28-Sep-2017,10000,720.25,27-Mar-2017,28-Sep-2017,11000,1602.5,22-Sep-2016,29-Jun-2017,9000,270.5,22-Sep-2016,29-Jun-2017,10000,813.8,22-Sep-2016,29-Jun-2017,11000,1611.85,27-Sep-2016,30-Mar-2017,9000,332.5,27-Sep-2016,30-Mar-2017,10000,1017.6,09-Jan-2017,30-Mar-2017,11000,2647.55
23-Sep-2016,28-Dec-2017,9000,449.7,23-Sep-2016,28-Dec-2017,10000,722.2,23-Sep-2016,28-Dec-2017,11000,1397.35,28-Mar-2017,28-Sep-2017,9000,138.9,28-Mar-2017,28-Sep-2017,10000,678.35,28-Mar-2017,28-Sep-2017,11000,1550.35,23-Sep-2016,29-Jun-2017,9000,274.95,23-Sep-2016,29-Jun-2017,10000,831.95,23-Sep-2016,29-Jun-2017,11000,1641.7,28-Sep-2016,30-Mar-2017,9000,308.9,28-Sep-2016,30-Mar-2017,10000,983.8,10-Jan-2017,30-Mar-2017,11000,2597
26-Sep-2016,28-Dec-2017,9000,478,26-Sep-2016,28-Dec-2017,10000,816.8,26-Sep-2016,28-Dec-2017,11000,1507.85,,,,,,,,,,,,,26-Sep-2016,29-Jun-2017,9000,340.2,26-Sep-2016,29-Jun-2017,10000,932.45,26-Sep-2016,29-Jun-2017,11000,1753.95,29-Sep-2016,30-Mar-2017,9000,433.15,29-Sep-2016,30-Mar-2017,10000,1144,11-Jan-2017,30-Mar-2017,11000,2522
27-Sep-2016,28-Dec-2017,9000,483.1,27-Sep-2016,28-Dec-2017,10000,812.2,27-Sep-2016,28-Dec-2017,11000,1511.6,,,,,,,,,,,,,27-Sep-2016,29-Jun-2017,9000,335.3,27-Sep-2016,29-Jun-2017,10000,935.75,27-Sep-2016,29-Jun-2017,11000,1766.45,30-Sep-2016,30-Mar-2017,9000,400,30-Sep-2016,30-Mar-2017,10000,1122.25,12-Jan-2017,30-Mar-2017,11000,2490
28-Sep-2016,28-Dec-2017,9000,467,28-Sep-2016,28-Dec-2017,10000,782.8,28-Sep-2016,28-Dec-2017,11000,1478.85,,,,,,,,,,,,,28-Sep-2016,29-Jun-2017,9000,313.05,28-Sep-2016,29-Jun-2017,10000,903.65,28-Sep-2016,29-Jun-2017,11000,1732.4,03-Oct-2016,30-Mar-2017,9000,375.6,03-Oct-2016,30-Mar-2017,10000,1037.2,13-Jan-2017,30-Mar-2017,11000,2448.4
29-Sep-2016,28-Dec-2017,9000,560,29-Sep-2016,28-Dec-2017,10000,951.1,29-Sep-2016,28-Dec-2017,11000,1657.35,,,,,,,,,,,,,29-Sep-2016,29-Jun-2017,9000,438.1,29-Sep-2016,29-Jun-2017,10000,1067,29-Sep-2016,29-Jun-2017,11000,1897.75,04-Oct-2016,30-Mar-2017,9000,351.85,04-Oct-2016,30-Mar-2017,10000,1007.05,16-Jan-2017,30-Mar-2017,11000,2475
30-Sep-2016,28-Dec-2017,9000,531.65,30-Sep-2016,28-Dec-2017,10000,924.05,30-Sep-2016,28-Dec-2017,11000,1631.9,,,,,,,,,,,,,30-Sep-2016,29-Jun-2017,9000,416.4,30-Sep-2016,29-Jun-2017,10000,1043,30-Sep-2016,29-Jun-2017,11000,1876.8,05-Oct-2016,30-Mar-2017,9000,375.9,05-Oct-2016,30-Mar-2017,10000,1027.05,17-Jan-2017,30-Mar-2017,11000,2499
03-Oct-2016,28-Dec-2017,9000,468.3,03-Oct-2016,28-Dec-2017,10000,890.45,03-Oct-2016,28-Dec-2017,11000,1566.55,,,,,,,,,,,,,03-Oct-2016,29-Jun-2017,9000,392.8,03-Oct-2016,29-Jun-2017,10000,979.3,03-Oct-2016,29-Jun-2017,11000,1780.2,06-Oct-2016,30-Mar-2017,9000,368.6,06-Oct-2016,30-Mar-2017,10000,1051.45,18-Jan-2017,30-Mar-2017,11000,2447
04-Oct-2016,28-Dec-2017,9000,462.05,04-Oct-2016,28-Dec-2017,10000,859.25,04-Oct-2016,28-Dec-2017,11000,1533.9,,,,,,,,,,,,,04-Oct-2016,29-Jun-2017,9000,368.95,04-Oct-2016,29-Jun-2017,10000,948.7,04-Oct-2016,29-Jun-2017,11000,1749.7,07-Oct-2016,30-Mar-2017,9000,371,07-Oct-2016,30-Mar-2017,10000,1056.75,19-Jan-2017,30-Mar-2017,11000,2460
05-Oct-2016,28-Dec-2017,9000,460.65,05-Oct-2016,28-Dec-2017,10000,869.3,05-Oct-2016,28-Dec-2017,11000,1557.55,,,,,,,,,,,,,05-Oct-2016,29-Jun-2017,9000,371.2,05-Oct-2016,29-Jun-2017,10000,964.4,05-Oct-2016,29-Jun-2017,11000,1778.7,10-Oct-2016,30-Mar-2017,9000,372.25,10-Oct-2016,30-Mar-2017,10000,1044.55,20-Jan-2017,30-Mar-2017,11000,2525
06-Oct-2016,28-Dec-2017,9000,476,06-Oct-2016,28-Dec-2017,10000,878.2,06-Oct-2016,28-Dec-2017,11000,1577.8,,,,,,,,,,,,,06-Oct-2016,29-Jun-2017,9000,375.65,06-Oct-2016,29-Jun-2017,10000,982.4,06-Oct-2016,29-Jun-2017,11000,1808.55,13-Oct-2016,30-Mar-2017,9000,459,13-Oct-2016,30-Mar-2017,10000,1183,23-Jan-2017,30-Mar-2017,11000,2497.55
07-Oct-2016,28-Dec-2017,9000,488.8,07-Oct-2016,28-Dec-2017,10000,871.1,07-Oct-2016,28-Dec-2017,11000,1578.8,,,,,,,,,,,,,07-Oct-2016,29-Jun-2017,9000,368.5,07-Oct-2016,29-Jun-2017,10000,982.2,07-Oct-2016,29-Jun-2017,11000,1817.65,14-Oct-2016,30-Mar-2017,9000,430.65,14-Oct-2016,30-Mar-2017,10000,1170.05,24-Jan-2017,30-Mar-2017,11000,2405
10-Oct-2016,28-Dec-2017,9000,470,10-Oct-2016,28-Dec-2017,10000,850.8,10-Oct-2016,28-Dec-2017,11000,1563.1,,,,,,,,,,,,,10-Oct-2016,29-Jun-2017,9000,351.35,10-Oct-2016,29-Jun-2017,10000,966.5,10-Oct-2016,29-Jun-2017,11000,1808.2,17-Oct-2016,30-Mar-2017,9000,469.6,17-Oct-2016,30-Mar-2017,10000,1228.7,25-Jan-2017,30-Mar-2017,11000,2325
13-Oct-2016,28-Dec-2017,9000,540.5,13-Oct-2016,28-Dec-2017,10000,1040,13-Oct-2016,28-Dec-2017,11000,1713.9,,,,,,,,,,,,,13-Oct-2016,29-Jun-2017,9000,453.7,13-Oct-2016,29-Jun-2017,10000,1104.65,13-Oct-2016,29-Jun-2017,11000,1953.3,18-Oct-2016,30-Mar-2017,9000,385,18-Oct-2016,30-Mar-2017,10000,1116.3,27-Jan-2017,30-Mar-2017,11000,2250
14-Oct-2016,28-Dec-2017,9000,525,14-Oct-2016,28-Dec-2017,10000,967.4,14-Oct-2016,28-Dec-2017,11000,1696.5,,,,,,,,,,,,,14-Oct-2016,29-Jun-2017,9000,436,14-Oct-2016,29-Jun-2017,10000,1088.25,14-Oct-2016,29-Jun-2017,11000,1941.85,19-Oct-2016,30-Mar-2017,9000,419.25,19-Oct-2016,30-Mar-2017,10000,1125.05,30-Jan-2017,30-Mar-2017,11000,2288
17-Oct-2016,28-Dec-2017,9000,560,17-Oct-2016,28-Dec-2017,10000,1055,17-Oct-2016,28-Dec-2017,11000,1850,,,,,,,,,,,,,17-Oct-2016,29-Jun-2017,9000,465.4,17-Oct-2016,29-Jun-2017,10000,1139.8,17-Oct-2016,29-Jun-2017,11000,2006,20-Oct-2016,30-Mar-2017,9000,365.45,20-Oct-2016,30-Mar-2017,10000,1087.35,31-Jan-2017,30-Mar-2017,11000,2340.25
18-Oct-2016,28-Dec-2017,9000,480,18-Oct-2016,28-Dec-2017,10000,973.6,18-Oct-2016,28-Dec-2017,11000,1669.15,,,,,,,,,,,,,18-Oct-2016,29-Jun-2017,9000,443.15,18-Oct-2016,29-Jun-2017,10000,1059.25,18-Oct-2016,29-Jun-2017,11000,1877.9,21-Oct-2016,30-Mar-2017,9000,372.75,21-Oct-2016,30-Mar-2017,10000,1086.1,01-Feb-2017,30-Mar-2017,11000,2205.05
19-Oct-2016,28-Dec-2017,9000,491.6,19-Oct-2016,28-Dec-2017,10000,966.3,19-Oct-2016,28-Dec-2017,11000,1669.5,,,,,,,,,,,,,19-Oct-2016,29-Jun-2017,9000,437.1,19-Oct-2016,29-Jun-2017,10000,1061.3,19-Oct-2016,29-Jun-2017,11000,1889.1,24-Oct-2016,30-Mar-2017,9000,327.35,24-Oct-2016,30-Mar-2017,10000,1068.95,02-Feb-2017,30-Mar-2017,11000,2192
20-Oct-2016,28-Dec-2017,9000,473.5,20-Oct-2016,28-Dec-2017,10000,930.05,20-Oct-2016,28-Dec-2017,11000,1629.9,,,,,,,,,,,,,20-Oct-2016,29-Jun-2017,9000,409.15,20-Oct-2016,29-Jun-2017,10000,1024.2,20-Oct-2016,29-Jun-2017,11000,1850.3,25-Oct-2016,30-Mar-2017,9000,378.5,25-Oct-2016,30-Mar-2017,10000,1079.65,03-Feb-2017,30-Mar-2017,11000,2199
21-Oct-2016,28-Dec-2017,9000,480,21-Oct-2016,28-Dec-2017,10000,1050,21-Oct-2016,28-Dec-2017,11000,1621,,,,,,,,,,,,,21-Oct-2016,29-Jun-2017,9000,397.55,21-Oct-2016,29-Jun-2017,10000,1017,21-Oct-2016,29-Jun-2017,11000,1850.8,26-Oct-2016,30-Mar-2017,9000,343.6,26-Oct-2016,30-Mar-2017,10000,1149.2,06-Feb-2017,30-Mar-2017,11000,2125
24-Oct-2016,28-Dec-2017,9000,460,24-Oct-2016,28-Dec-2017,10000,890.1,24-Oct-2016,28-Dec-2017,11000,1598.7,,,,,,,,,,,,,24-Oct-2016,29-Jun-2017,9000,377.25,24-Oct-2016,29-Jun-2017,10000,996.3,24-Oct-2016,29-Jun-2017,11000,1835.25,27-Oct-2016,30-Mar-2017,9000,410,27-Oct-2016,30-Mar-2017,10000,1145.55,07-Feb-2017,30-Mar-2017,11000,2160
25-Oct-2016,28-Dec-2017,9000,468.75,25-Oct-2016,28-Dec-2017,10000,885.9,25-Oct-2016,28-Dec-2017,11000,1603.15,,,,,,,,,,,,,25-Oct-2016,29-Jun-2017,9000,372.75,25-Oct-2016,29-Jun-2017,10000,1000.8,25-Oct-2016,29-Jun-2017,11000,1849.05,28-Oct-2016,30-Mar-2017,9000,379,28-Oct-2016,30-Mar-2017,10000,1122.45,08-Feb-2017,30-Mar-2017,11000,2153.6
26-Oct-2016,28-Dec-2017,9000,489.2,26-Oct-2016,28-Dec-2017,10000,939.8,26-Oct-2016,28-Dec-2017,11000,1671.15,,,,,,,,,,,,,26-Oct-2016,29-Jun-2017,9000,411.3,26-Oct-2016,29-Jun-2017,10000,1063.9,26-Oct-2016,29-Jun-2017,11000,1923.8,30-Oct-2016,30-Mar-2017,9000,371.15,30-Oct-2016,30-Mar-2017,10000,1132,09-Feb-2017,30-Mar-2017,11000,2138
27-Oct-2016,28-Dec-2017,9000,493.15,27-Oct-2016,28-Dec-2017,10000,924.7,27-Oct-2016,28-Dec-2017,11000,1661.9,,,,,,,,,,,,,27-Oct-2016,29-Jun-2017,9000,398.65,27-Oct-2016,29-Jun-2017,10000,1055.6,27-Oct-2016,29-Jun-2017,11000,1921.9,01-Nov-2016,30-Mar-2017,9000,362.25,01-Nov-2016,30-Mar-2017,10000,1131.2,10-Feb-2017,30-Mar-2017,11000,2128
28-Oct-2016,28-Dec-2017,9000,496,28-Oct-2016,28-Dec-2017,10000,897.45,28-Oct-2016,28-Dec-2017,11000,1635.45,,,,,,,,,,,,,28-Oct-2016,29-Jun-2017,9000,377.35,28-Oct-2016,29-Jun-2017,10000,1030.75,28-Oct-2016,29-Jun-2017,11000,1899.2,02-Nov-2016,30-Mar-2017,9000,448.5,02-Nov-2016,30-Mar-2017,10000,1243.85,13-Feb-2017,30-Mar-2017,11000,2125
30-Oct-2016,28-Dec-2017,9000,507.5,30-Oct-2016,28-Dec-2017,10000,892.65,30-Oct-2016,28-Dec-2017,11000,1639.5,,,,,,,,,,,,,30-Oct-2016,29-Jun-2017,9000,371.65,30-Oct-2016,29-Jun-2017,10000,1034.45,30-Oct-2016,29-Jun-2017,11000,1911.55,03-Nov-2016,30-Mar-2017,9000,517.25,03-Nov-2016,30-Mar-2017,10000,1269.35,14-Feb-2017,30-Mar-2017,11000,2122
01-Nov-2016,28-Dec-2017,9000,490,01-Nov-2016,28-Dec-2017,10000,967,01-Nov-2016,28-Dec-2017,11000,1635.3,,,,,,,,,,,,,01-Nov-2016,29-Jun-2017,9000,360.6,01-Nov-2016,29-Jun-2017,10000,1029.35,01-Nov-2016,29-Jun-2017,11000,1913.45,04-Nov-2016,30-Mar-2017,9000,530,04-Nov-2016,30-Mar-2017,10000,1317.85,15-Feb-2017,30-Mar-2017,11000,2203.9
02-Nov-2016,28-Dec-2017,9000,541.6,02-Nov-2016,28-Dec-2017,10000,1098.9,02-Nov-2016,28-Dec-2017,11000,1850,,,,,,,,,,,,,02-Nov-2016,29-Jun-2017,9000,499,02-Nov-2016,29-Jun-2017,10000,1140.75,02-Nov-2016,29-Jun-2017,11000,2028.8,07-Nov-2016,30-Mar-2017,9000,456,07-Nov-2016,30-Mar-2017,10000,1262.95,16-Feb-2017,30-Mar-2017,11000,2160
03-Nov-2016,28-Dec-2017,9000,563.7,03-Nov-2016,28-Dec-2017,10000,1100,03-Nov-2016,28-Dec-2017,11000,1772.55,,,,,,,,,,,,,03-Nov-2016,29-Jun-2017,9000,449.5,03-Nov-2016,29-Jun-2017,10000,1159.95,03-Nov-2016,29-Jun-2017,11000,2056.2,08-Nov-2016,30-Mar-2017,9000,430,08-Nov-2016,30-Mar-2017,10000,1220,17-Feb-2017,30-Mar-2017,11000,2124.95
04-Nov-2016,28-Dec-2017,9000,571.15,04-Nov-2016,28-Dec-2017,10000,1144,04-Nov-2016,28-Dec-2017,11000,1900,,,,,,,,,,,,,04-Nov-2016,29-Jun-2017,9000,473.9,04-Nov-2016,29-Jun-2017,10000,1202.4,04-Nov-2016,29-Jun-2017,11000,2106.55,09-Nov-2016,30-Mar-2017,9000,507.75,09-Nov-2016,30-Mar-2017,10000,1332.1,20-Feb-2017,30-Mar-2017,11000,2072.5
07-Nov-2016,28-Dec-2017,9000,539.25,07-Nov-2016,28-Dec-2017,10000,1085.85,07-Nov-2016,28-Dec-2017,11000,1765.8,,,,,,,,,,,,,07-Nov-2016,29-Jun-2017,9000,441.1,07-Nov-2016,29-Jun-2017,10000,1152.5,07-Nov-2016,29-Jun-2017,11000,2051.05,10-Nov-2016,30-Mar-2017,9000,420,10-Nov-2016,30-Mar-2017,10000,1250.7,21-Feb-2017,30-Mar-2017,11000,2031.75
08-Nov-2016,28-Dec-2017,9000,522.6,08-Nov-2016,28-Dec-2017,10000,1067.8,08-Nov-2016,28-Dec-2017,11000,1724.35,,,,,,,,,,,,,08-Nov-2016,29-Jun-2017,9000,412.6,08-Nov-2016,29-Jun-2017,10000,1112,08-Nov-2016,29-Jun-2017,11000,2007.55,11-Nov-2016,30-Mar-2017,9000,591.7,11-Nov-2016,30-Mar-2017,10000,1498.5,22-Feb-2017,30-Mar-2017,11000,2024.45
09-Nov-2016,28-Dec-2017,9000,570,09-Nov-2016,28-Dec-2017,10000,1130,09-Nov-2016,28-Dec-2017,11000,1841,,,,,,,,,,,,,09-Nov-2016,29-Jun-2017,9000,497.9,09-Nov-2016,29-Jun-2017,10000,1222.8,09-Nov-2016,29-Jun-2017,11000,2121.9,15-Nov-2016,30-Mar-2017,9000,710,15-Nov-2016,30-Mar-2017,10000,1694.4,23-Feb-2017,30-Mar-2017,11000,2013
10-Nov-2016,28-Dec-2017,9000,509.15,10-Nov-2016,28-Dec-2017,10000,1050,10-Nov-2016,28-Dec-2017,11000,1773.95,,,,,,,,,,,,,10-Nov-2016,29-Jun-2017,9000,461.6,10-Nov-2016,29-Jun-2017,10000,1154.75,10-Nov-2016,29-Jun-2017,11000,2037.8,16-Nov-2016,30-Mar-2017,9000,725,16-Nov-2016,30-Mar-2017,10000,1690.15,27-Feb-2017,30-Mar-2017,11000,2059.6
11-Nov-2016,28-Dec-2017,9000,620.9,11-Nov-2016,28-Dec-2017,10000,1270,11-Nov-2016,28-Dec-2017,11000,2066.65,,,,,,,,,,,,,11-Nov-2016,29-Jun-2017,9000,703.35,11-Nov-2016,29-Jun-2017,10000,1421.95,11-Nov-2016,29-Jun-2017,11000,2290.65,17-Nov-2016,30-Mar-2017,9000,864,17-Nov-2016,30-Mar-2017,10000,1718.05,28-Feb-2017,30-Mar-2017,11000,2065.4
15-Nov-2016,28-Dec-2017,9000,714.65,15-Nov-2016,28-Dec-2017,10000,1436.25,15-Nov-2016,28-Dec-2017,11000,2284.05,,,,,,,,,,,,,15-Nov-2016,29-Jun-2017,9000,873.85,15-Nov-2016,29-Jun-2017,10000,1620.8,15-Nov-2016,29-Jun-2017,11000,2495.6,18-Nov-2016,30-Mar-2017,9000,858.85,18-Nov-2016,30-Mar-2017,10000,1721.15,01-Mar-2017,30-Mar-2017,11000,2006.05
16-Nov-2016,28-Dec-2017,9000,755,16-Nov-2016,28-Dec-2017,10000,1419.8,16-Nov-2016,28-Dec-2017,11000,2275.65,,,,,,,,,,,,,16-Nov-2016,29-Jun-2017,9000,858.65,16-Nov-2016,29-Jun-2017,10000,1612.1,16-Nov-2016,29-Jun-2017,11000,2493.55,21-Nov-2016,30-Mar-2017,9000,987.75,21-Nov-2016,30-Mar-2017,10000,1869,02-Mar-2017,30-Mar-2017,11000,2044.8
17-Nov-2016,28-Dec-2017,9000,757.55,17-Nov-2016,28-Dec-2017,10000,1445,17-Nov-2016,28-Dec-2017,11000,2295.35,,,,,,,,,,,,,17-Nov-2016,29-Jun-2017,9000,866.75,17-Nov-2016,29-Jun-2017,10000,1632.7,17-Nov-2016,29-Jun-2017,11000,2523.2,22-Nov-2016,30-Mar-2017,9000,928.9,22-Nov-2016,30-Mar-2017,10000,1800.4,03-Mar-2017,30-Mar-2017,11000,2065.2
18-Nov-2016,28-Dec-2017,9000,773.4,18-Nov-2016,28-Dec-2017,10000,1499,18-Nov-2016,28-Dec-2017,11000,2289.85,,,,,,,,,,,,,18-Nov-2016,29-Jun-2017,9000,856.2,18-Nov-2016,29-Jun-2017,10000,1629.8,18-Nov-2016,29-Jun-2017,11000,2526.75,23-Nov-2016,30-Mar-2017,9000,870,23-Nov-2016,30-Mar-2017,10000,1771,06-Mar-2017,30-Mar-2017,11000,2004.15
21-Nov-2016,28-Dec-2017,9000,870,21-Nov-2016,28-Dec-2017,10000,1646.45,21-Nov-2016,28-Dec-2017,11000,2443,,,,,,,,,,,,,21-Nov-2016,29-Jun-2017,9000,980.55,21-Nov-2016,29-Jun-2017,10000,1775.2,21-Nov-2016,29-Jun-2017,11000,2678.65,24-Nov-2016,30-Mar-2017,9000,948.2,24-Nov-2016,30-Mar-2017,10000,1835.85,07-Mar-2017,30-Mar-2017,11000,2006.05
22-Nov-2016,28-Dec-2017,9000,843.95,22-Nov-2016,28-Dec-2017,10000,1580,22-Nov-2016,28-Dec-2017,11000,2379.1,,,,,,,,,,,,,22-Nov-2016,29-Jun-2017,9000,890,22-Nov-2016,29-Jun-2017,10000,1710.9,22-Nov-2016,29-Jun-2017,11000,2609.85,25-Nov-2016,30-Mar-2017,9000,854.25,25-Nov-2016,30-Mar-2017,10000,1703.95,08-Mar-2017,30-Mar-2017,11000,2028.25
23-Nov-2016,28-Dec-2017,9000,821.4,23-Nov-2016,28-Dec-2017,10000,1543.35,23-Nov-2016,28-Dec-2017,11000,2348.1,,,,,,,,,,,,,23-Nov-2016,29-Jun-2017,9000,896.65,23-Nov-2016,29-Jun-2017,10000,1680.05,23-Nov-2016,29-Jun-2017,11000,2581.5,28-Nov-2016,30-Mar-2017,9000,775.1,28-Nov-2016,30-Mar-2017,10000,1689.15,09-Mar-2017,30-Mar-2017,11000,2034.1
24-Nov-2016,28-Dec-2017,9000,833.1,24-Nov-2016,28-Dec-2017,10000,1550,24-Nov-2016,28-Dec-2017,11000,2404.45,,,,,,,,,,,,,24-Nov-2016,29-Jun-2017,9000,937.6,24-Nov-2016,29-Jun-2017,10000,1737.4,24-Nov-2016,29-Jun-2017,11000,2647.4,29-Nov-2016,30-Mar-2017,9000,770,29-Nov-2016,30-Mar-2017,10000,1673.4,10-Mar-2017,30-Mar-2017,11000,2024
25-Nov-2016,28-Dec-2017,9000,784.15,25-Nov-2016,28-Dec-2017,10000,1510,25-Nov-2016,28-Dec-2017,11000,2303.9,,,,,,,,,,,,,25-Nov-2016,29-Jun-2017,9000,868.55,25-Nov-2016,29-Jun-2017,10000,1628.5,25-Nov-2016,29-Jun-2017,11000,2515.1,30-Nov-2016,30-Mar-2017,9000,752.1,30-Nov-2016,30-Mar-2017,10000,1597,14-Mar-2017,30-Mar-2017,11000,1881.4
28-Nov-2016,28-Dec-2017,9000,770.5,28-Nov-2016,28-Dec-2017,10000,1469.55,28-Nov-2016,28-Dec-2017,11000,2276,,,,,,,,,,,,,28-Nov-2016,29-Jun-2017,9000,842.8,28-Nov-2016,29-Jun-2017,10000,1606.85,28-Nov-2016,29-Jun-2017,11000,2498.75,01-Dec-2016,30-Mar-2017,9000,720,01-Dec-2016,30-Mar-2017,10000,1625.15,15-Mar-2017,30-Mar-2017,11000,1878
29-Nov-2016,28-Dec-2017,9000,750.25,29-Nov-2016,28-Dec-2017,10000,1428,29-Nov-2016,28-Dec-2017,11000,2254.9,,,,,,,,,,,,,29-Nov-2016,29-Jun-2017,9000,820.1,29-Nov-2016,29-Jun-2017,10000,1587.35,29-Nov-2016,29-Jun-2017,11000,2483.55,02-Dec-2016,30-Mar-2017,9000,816.4,02-Dec-2016,30-Mar-2017,10000,1729.15,16-Mar-2017,30-Mar-2017,11000,1817.7
30-Nov-2016,28-Dec-2017,9000,701.15,30-Nov-2016,28-Dec-2017,10000,1342.9,30-Nov-2016,28-Dec-2017,11000,2184.85,,,,,,,,,,,,,30-Nov-2016,29-Jun-2017,9000,767.35,30-Nov-2016,29-Jun-2017,10000,1517.55,30-Nov-2016,29-Jun-2017,11000,2406.05,05-Dec-2016,30-Mar-2017,9000,770.1,05-Dec-2016,30-Mar-2017,10000,1691.5,17-Mar-2017,30-Mar-2017,11000,1801
01-Dec-2016,28-Dec-2017,9000,721.65,01-Dec-2016,28-Dec-2017,10000,1392.8,01-Dec-2016,28-Dec-2017,11000,2203.65,,,,,,,,,,,,,01-Dec-2016,29-Jun-2017,9000,775,01-Dec-2016,29-Jun-2017,10000,1538.05,01-Dec-2016,29-Jun-2017,11000,2435.3,06-Dec-2016,30-Mar-2017,9000,745,06-Dec-2016,30-Mar-2017,10000,1675.35,20-Mar-2017,30-Mar-2017,11000,1832.55
02-Dec-2016,28-Dec-2017,9000,796.1,02-Dec-2016,28-Dec-2017,10000,1510,02-Dec-2016,28-Dec-2017,11000,2304.35,,,,,,,,,,,,,02-Dec-2016,29-Jun-2017,9000,852.05,02-Dec-2016,29-Jun-2017,10000,1635.9,02-Dec-2016,29-Jun-2017,11000,2541.55,07-Dec-2016,30-Mar-2017,9000,745.7,07-Dec-2016,30-Mar-2017,10000,1714.55,21-Mar-2017,30-Mar-2017,11000,1850
05-Dec-2016,28-Dec-2017,9000,747.6,05-Dec-2016,28-Dec-2017,10000,1438,05-Dec-2016,28-Dec-2017,11000,2265.2,,,,,,,,,,,,,05-Dec-2016,29-Jun-2017,9000,815.2,05-Dec-2016,29-Jun-2017,10000,1597.2,05-Dec-2016,29-Jun-2017,11000,2504.65,08-Dec-2016,30-Mar-2017,9000,675,08-Dec-2016,30-Mar-2017,10000,1580.2,22-Mar-2017,30-Mar-2017,11000,1940.2
06-Dec-2016,28-Dec-2017,9000,748.15,06-Dec-2016,28-Dec-2017,10000,1450.2,06-Dec-2016,28-Dec-2017,11000,2239.5,,,,,,,,,,,,,06-Dec-2016,29-Jun-2017,9000,791.6,06-Dec-2016,29-Jun-2017,10000,1576.25,06-Dec-2016,29-Jun-2017,11000,2487.2,09-Dec-2016,30-Mar-2017,9000,669.55,09-Dec-2016,30-Mar-2017,10000,1564.5,23-Mar-2017,30-Mar-2017,11000,1886.6
07-Dec-2016,28-Dec-2017,9000,790.1,07-Dec-2016,28-Dec-2017,10000,1508.65,07-Dec-2016,28-Dec-2017,11000,2269.25,,,,,,,,,,,,,07-Dec-2016,29-Jun-2017,9000,809.4,07-Dec-2016,29-Jun-2017,10000,1608.15,07-Dec-2016,29-Jun-2017,11000,2526.75,12-Dec-2016,30-Mar-2017,9000,776.85,12-Dec-2016,30-Mar-2017,10000,1655.25,24-Mar-2017,30-Mar-2017,11000,1873.35
08-Dec-2016,28-Dec-2017,9000,693.25,08-Dec-2016,28-Dec-2017,10000,1390,08-Dec-2016,28-Dec-2017,11000,2158.2,,,,,,,,,,,,,08-Dec-2016,29-Jun-2017,9000,741.85,08-Dec-2016,29-Jun-2017,10000,1495.15,08-Dec-2016,29-Jun-2017,11000,2388.75,13-Dec-2016,30-Mar-2017,9000,730,13-Dec-2016,30-Mar-2017,10000,1607.7,27-Mar-2017,30-Mar-2017,11000,1929.75
09-Dec-2016,28-Dec-2017,9000,680,09-Dec-2016,28-Dec-2017,10000,1340.95,09-Dec-2016,28-Dec-2017,11000,2200,,,,,,,,,,,,,09-Dec-2016,29-Jun-2017,9000,719.25,09-Dec-2016,29-Jun-2017,10000,1475.3,09-Dec-2016,29-Jun-2017,11000,2373.1,14-Dec-2016,30-Mar-2017,9000,721.9,14-Dec-2016,30-Mar-2017,10000,1645.85,28-Mar-2017,30-Mar-2017,11000,1881.4
12-Dec-2016,28-Dec-2017,9000,740.85,12-Dec-2016,28-Dec-2017,10000,1438,12-Dec-2016,28-Dec-2017,11000,2219.5,,,,,,,,,,,,,12-Dec-2016,29-Jun-2017,9000,779.3,12-Dec-2016,29-Jun-2017,10000,1557.7,12-Dec-2016,29-Jun-2017,11000,2465.75,15-Dec-2016,30-Mar-2017,9000,774.6,15-Dec-2016,30-Mar-2017,10000,1673.3,,,,
13-Dec-2016,28-Dec-2017,9000,706.25,13-Dec-2016,28-Dec-2017,10000,1437,13-Dec-2016,28-Dec-2017,11000,2231.2,,,,,,,,,,,,,13-Dec-2016,29-Jun-2017,9000,740.25,13-Dec-2016,29-Jun-2017,10000,1512.1,13-Dec-2016,29-Jun-2017,11000,2419.3,16-Dec-2016,30-Mar-2017,9000,779.4,16-Dec-2016,30-Mar-2017,10000,1710,,,,
14-Dec-2016,28-Dec-2017,9000,719.35,14-Dec-2016,28-Dec-2017,10000,1430,14-Dec-2016,28-Dec-2017,11000,2260,,,,,,,,,,,,,14-Dec-2016,29-Jun-2017,9000,756.45,14-Dec-2016,29-Jun-2017,10000,1543.05,14-Dec-2016,29-Jun-2017,11000,2458.55,19-Dec-2016,30-Mar-2017,9000,778.95,19-Dec-2016,30-Mar-2017,10000,1724.8,,,,
15-Dec-2016,28-Dec-2017,9000,725,15-Dec-2016,28-Dec-2017,10000,1447.1,15-Dec-2016,28-Dec-2017,11000,2222.45,,,,,,,,,,,,,15-Dec-2016,29-Jun-2017,9000,764.55,15-Dec-2016,29-Jun-2017,10000,1563.4,15-Dec-2016,29-Jun-2017,11000,2485.8,20-Dec-2016,30-Mar-2017,9000,810,20-Dec-2016,30-Mar-2017,10000,1770,,,,
16-Dec-2016,28-Dec-2017,9000,736.8,16-Dec-2016,28-Dec-2017,10000,1459.95,16-Dec-2016,28-Dec-2017,11000,2227.9,,,,,,,,,,,,,16-Dec-2016,29-Jun-2017,9000,762.75,16-Dec-2016,29-Jun-2017,10000,1571.45,16-Dec-2016,29-Jun-2017,11000,2499.55,21-Dec-2016,30-Mar-2017,9000,798,21-Dec-2016,30-Mar-2017,10000,1768.6,,,,
19-Dec-2016,28-Dec-2017,9000,750,19-Dec-2016,28-Dec-2017,10000,1480.95,19-Dec-2016,28-Dec-2017,11000,2256.5,,,,,,,,,,,,,19-Dec-2016,29-Jun-2017,9000,778.45,19-Dec-2016,29-Jun-2017,10000,1602.2,19-Dec-2016,29-Jun-2017,11000,2537.55,22-Dec-2016,30-Mar-2017,9000,891.55,22-Dec-2016,30-Mar-2017,10000,1851.65,,,,
20-Dec-2016,28-Dec-2017,9000,757.7,20-Dec-2016,28-Dec-2017,10000,1497.95,20-Dec-2016,28-Dec-2017,11000,2270.6,,,,,,,,,,,,,20-Dec-2016,29-Jun-2017,9000,784.75,20-Dec-2016,29-Jun-2017,10000,1619.05,20-Dec-2016,29-Jun-2017,11000,2559.35,23-Dec-2016,30-Mar-2017,9000,896.55,23-Dec-2016,30-Mar-2017,10000,1846.35,,,,
21-Dec-2016,28-Dec-2017,9000,771.25,21-Dec-2016,28-Dec-2017,10000,1504.4,21-Dec-2016,28-Dec-2017,11000,2284.95,,,,,,,,,,,,,21-Dec-2016,29-Jun-2017,9000,791.1,21-Dec-2016,29-Jun-2017,10000,1635.95,21-Dec-2016,29-Jun-2017,11000,2580.7,26-Dec-2016,30-Mar-2017,9000,970.05,26-Dec-2016,30-Mar-2017,10000,1928.3,,,,
22-Dec-2016,28-Dec-2017,9000,834,22-Dec-2016,28-Dec-2017,10000,1562.6,22-Dec-2016,28-Dec-2017,11000,2475,,,,,,,,,,,,,22-Dec-2016,29-Jun-2017,9000,856.1,22-Dec-2016,29-Jun-2017,10000,1715.6,22-Dec-2016,29-Jun-2017,11000,2663.75,27-Dec-2016,30-Mar-2017,9000,868.95,27-Dec-2016,30-Mar-2017,10000,1807.15,,,,
23-Dec-2016,28-Dec-2017,9000,815.1,23-Dec-2016,28-Dec-2017,10000,1560.9,23-Dec-2016,28-Dec-2017,11000,2450,,,,,,,,,,,,,23-Dec-2016,29-Jun-2017,9000,842.7,23-Dec-2016,29-Jun-2017,10000,1707.6,23-Dec-2016,29-Jun-2017,11000,2691.6,28-Dec-2016,30-Mar-2017,9000,860,28-Dec-2016,30-Mar-2017,10000,1815.6,,,,
26-Dec-2016,28-Dec-2017,9000,877.25,26-Dec-2016,28-Dec-2017,10000,1652,26-Dec-2016,28-Dec-2017,11000,2500,,,,,,,,,,,,,26-Dec-2016,29-Jun-2017,9000,906.9,26-Dec-2016,29-Jun-2017,10000,1786.2,26-Dec-2016,29-Jun-2017,11000,2760.2,29-Dec-2016,30-Mar-2017,9000,810,29-Dec-2016,30-Mar-2017,10000,1739.3,,,,
27-Dec-2016,28-Dec-2017,9000,812.45,27-Dec-2016,28-Dec-2017,10000,1536.1,27-Dec-2016,28-Dec-2017,11000,2493.6,,,,,,,,,,,,,27-Dec-2016,29-Jun-2017,9000,833.75,27-Dec-2016,29-Jun-2017,10000,1677.35,27-Dec-2016,29-Jun-2017,11000,2620.25,30-Dec-2016,30-Mar-2017,9000,744.2,30-Dec-2016,30-Mar-2017,10000,1716,,,,
28-Dec-2016,28-Dec-2017,9000,809,28-Dec-2016,28-Dec-2017,10000,1545.7,28-Dec-2016,28-Dec-2017,11000,2324.15,,,,,,,,,,,,,28-Dec-2016,29-Jun-2017,9000,822.9,28-Dec-2016,29-Jun-2017,10000,1672.9,28-Dec-2016,29-Jun-2017,11000,2641,02-Jan-2017,30-Mar-2017,9000,738.55,02-Jan-2017,30-Mar-2017,10000,1710,,,,
29-Dec-2016,28-Dec-2017,9000,765.05,29-Dec-2016,28-Dec-2017,10000,1517.5,29-Dec-2016,28-Dec-2017,11000,2394.15,,,,,,,,,,,,,29-Dec-2016,29-Jun-2017,9000,772.25,29-Dec-2016,29-Jun-2017,10000,1609.05,29-Dec-2016,29-Jun-2017,11000,2629.6,03-Jan-2017,30-Mar-2017,9000,732,03-Jan-2017,30-Mar-2017,10000,1700,,,,
30-Dec-2016,28-Dec-2017,9000,720,30-Dec-2016,28-Dec-2017,10000,1433.65,30-Dec-2016,28-Dec-2017,11000,2344.9,,,,,,,,,,,,,30-Dec-2016,29-Jun-2017,9000,717.2,30-Dec-2016,29-Jun-2017,10000,1534.65,30-Dec-2016,29-Jun-2017,11000,2471.3,04-Jan-2017,30-Mar-2017,9000,745,04-Jan-2017,30-Mar-2017,10000,1660.85,,,,
02-Jan-2017,28-Dec-2017,9000,716,02-Jan-2017,28-Dec-2017,10000,1445,02-Jan-2017,28-Dec-2017,11000,2191.4,,,,,,,,,,,,,02-Jan-2017,29-Jun-2017,9000,712.55,02-Jan-2017,29-Jun-2017,10000,1540.65,02-Jan-2017,29-Jun-2017,11000,2583.8,05-Jan-2017,30-Mar-2017,9000,676,05-Jan-2017,30-Mar-2017,10000,1578.85,,,,
03-Jan-2017,28-Dec-2017,9000,720,03-Jan-2017,28-Dec-2017,10000,1444,03-Jan-2017,28-Dec-2017,11000,2327.05,,,,,,,,,,,,,03-Jan-2017,29-Jun-2017,9000,694.95,03-Jan-2017,29-Jun-2017,10000,1527.15,03-Jan-2017,29-Jun-2017,11000,2556.2,06-Jan-2017,30-Mar-2017,9000,675,06-Jan-2017,30-Mar-2017,10000,1602,,,,
04-Jan-2017,28-Dec-2017,9000,727.05,04-Jan-2017,28-Dec-2017,10000,1440,04-Jan-2017,28-Dec-2017,11000,2351,,,,,,,,,,,,,04-Jan-2017,29-Jun-2017,9000,685.4,04-Jan-2017,29-Jun-2017,10000,1524.35,04-Jan-2017,29-Jun-2017,11000,2574.4,09-Jan-2017,30-Mar-2017,9000,677.35,09-Jan-2017,30-Mar-2017,10000,1655,,,,
05-Jan-2017,28-Dec-2017,9000,672,05-Jan-2017,28-Dec-2017,10000,1370,05-Jan-2017,28-Dec-2017,11000,2276.05,,,,,,,,,,,,,05-Jan-2017,29-Jun-2017,9000,632.1,05-Jan-2017,29-Jun-2017,10000,1447.7,05-Jan-2017,29-Jun-2017,11000,2510.4,10-Jan-2017,30-Mar-2017,9000,631.6,10-Jan-2017,30-Mar-2017,10000,1630.6,,,,
06-Jan-2017,28-Dec-2017,9000,681,06-Jan-2017,28-Dec-2017,10000,1380,06-Jan-2017,28-Dec-2017,11000,2277.35,,,,,,,,,,,,,06-Jan-2017,29-Jun-2017,9000,643.35,06-Jan-2017,29-Jun-2017,10000,1471.55,06-Jan-2017,29-Jun-2017,11000,2417.8,11-Jan-2017,30-Mar-2017,9000,570,11-Jan-2017,30-Mar-2017,10000,1530,,,,
09-Jan-2017,28-Dec-2017,9000,696,09-Jan-2017,28-Dec-2017,10000,1388,09-Jan-2017,28-Dec-2017,11000,2119.15,,,,,,,,,,,,,09-Jan-2017,29-Jun-2017,9000,640.7,09-Jan-2017,29-Jun-2017,10000,1480.05,09-Jan-2017,29-Jun-2017,11000,2431.1,12-Jan-2017,30-Mar-2017,9000,565,12-Jan-2017,30-Mar-2017,10000,1515.85,,,,
10-Jan-2017,28-Dec-2017,9000,674,10-Jan-2017,28-Dec-2017,10000,1351,10-Jan-2017,28-Dec-2017,11000,2066.5,,,,,,,,,,,,,10-Jan-2017,29-Jun-2017,9000,600.8,10-Jan-2017,29-Jun-2017,10000,1429.4,10-Jan-2017,29-Jun-2017,11000,2378.65,13-Jan-2017,30-Mar-2017,9000,566,13-Jan-2017,30-Mar-2017,10000,1494.3,,,,
11-Jan-2017,28-Dec-2017,9000,610.75,11-Jan-2017,28-Dec-2017,10000,1274.15,11-Jan-2017,28-Dec-2017,11000,2167.8,,,,,,,,,,,,,11-Jan-2017,29-Jun-2017,9000,551.05,11-Jan-2017,29-Jun-2017,10000,1350.5,11-Jan-2017,29-Jun-2017,11000,2291.3,16-Jan-2017,30-Mar-2017,9000,541.9,16-Jan-2017,30-Mar-2017,10000,1491.45,,,,
12-Jan-2017,28-Dec-2017,9000,596.7,12-Jan-2017,28-Dec-2017,10000,1260,12-Jan-2017,28-Dec-2017,11000,1963.4,,,,,,,,,,,,,12-Jan-2017,29-Jun-2017,9000,525.95,12-Jan-2017,29-Jun-2017,10000,1323.65,12-Jan-2017,29-Jun-2017,11000,2265.8,17-Jan-2017,30-Mar-2017,9000,570,17-Jan-2017,30-Mar-2017,10000,1511,,,,
13-Jan-2017,28-Dec-2017,9000,589.8,13-Jan-2017,28-Dec-2017,10000,1240,13-Jan-2017,28-Dec-2017,11000,1961.9,,,,,,,,,,,,,13-Jan-2017,29-Jun-2017,9000,519.95,13-Jan-2017,29-Jun-2017,10000,1325.9,13-Jan-2017,29-Jun-2017,11000,2360,18-Jan-2017,30-Mar-2017,9000,562.8,18-Jan-2017,30-Mar-2017,10000,1500,,,,
16-Jan-2017,28-Dec-2017,9000,587.15,16-Jan-2017,28-Dec-2017,10000,1226.95,16-Jan-2017,28-Dec-2017,11000,2120,,,,,,,,,,,,,16-Jan-2017,29-Jun-2017,9000,503.6,16-Jan-2017,29-Jun-2017,10000,1315.15,16-Jan-2017,29-Jun-2017,11000,2264.8,19-Jan-2017,30-Mar-2017,9000,540.4,19-Jan-2017,30-Mar-2017,10000,1481.05,,,,
17-Jan-2017,28-Dec-2017,9000,597,17-Jan-2017,28-Dec-2017,10000,1255,17-Jan-2017,28-Dec-2017,11000,1962.95,,,,,,,,,,,,,17-Jan-2017,29-Jun-2017,9000,505.55,17-Jan-2017,29-Jun-2017,10000,1328.45,17-Jan-2017,29-Jun-2017,11000,2282.05,20-Jan-2017,30-Mar-2017,9000,595,20-Jan-2017,30-Mar-2017,10000,1558.15,,,,
18-Jan-2017,28-Dec-2017,9000,580.35,18-Jan-2017,28-Dec-2017,10000,1234,18-Jan-2017,28-Dec-2017,11000,1942.2,,,,,,,,,,,,,18-Jan-2017,29-Jun-2017,9000,485.65,18-Jan-2017,29-Jun-2017,10000,1309.2,18-Jan-2017,29-Jun-2017,11000,2264.35,23-Jan-2017,30-Mar-2017,9000,550,23-Jan-2017,30-Mar-2017,10000,1515.65,,,,
19-Jan-2017,28-Dec-2017,9000,568.2,19-Jan-2017,28-Dec-2017,10000,1234.9,19-Jan-2017,28-Dec-2017,11000,2110,,,,,,,,,,,,,19-Jan-2017,29-Jun-2017,9000,466.45,19-Jan-2017,29-Jun-2017,10000,1290.9,19-Jan-2017,29-Jun-2017,11000,2325,24-Jan-2017,30-Mar-2017,9000,484.65,24-Jan-2017,30-Mar-2017,10000,1431.75,,,,
20-Jan-2017,28-Dec-2017,9000,616,20-Jan-2017,28-Dec-2017,10000,1302,20-Jan-2017,28-Dec-2017,11000,2185.9,,,,,,,,,,,,,20-Jan-2017,29-Jun-2017,9000,534.75,20-Jan-2017,29-Jun-2017,10000,1377.65,20-Jan-2017,29-Jun-2017,11000,2416.55,25-Jan-2017,30-Mar-2017,9000,397.35,25-Jan-2017,30-Mar-2017,10000,1324.7,,,,
23-Jan-2017,28-Dec-2017,9000,587,23-Jan-2017,28-Dec-2017,10000,1266,23-Jan-2017,28-Dec-2017,11000,2175,,,,,,,,,,,,,23-Jan-2017,29-Jun-2017,9000,503.6,23-Jan-2017,29-Jun-2017,10000,1341.25,23-Jan-2017,29-Jun-2017,11000,2393.9,27-Jan-2017,30-Mar-2017,9000,358.8,27-Jan-2017,30-Mar-2017,10000,1280,,,,
24-Jan-2017,28-Dec-2017,9000,540,24-Jan-2017,28-Dec-2017,10000,1194.35,24-Jan-2017,28-Dec-2017,11000,1902.7,,,,,,,,,,,,,24-Jan-2017,29-Jun-2017,9000,458.2,24-Jan-2017,29-Jun-2017,10000,1265.8,24-Jan-2017,29-Jun-2017,11000,2320.65,30-Jan-2017,30-Mar-2017,9000,370.5,30-Jan-2017,30-Mar-2017,10000,1280,,,,
25-Jan-2017,28-Dec-2017,9000,497.75,25-Jan-2017,28-Dec-2017,10000,1091.8,25-Jan-2017,28-Dec-2017,11000,1959.75,,,,,,,,,,,,,25-Jan-2017,29-Jun-2017,9000,412.15,25-Jan-2017,29-Jun-2017,10000,1162.2,25-Jan-2017,29-Jun-2017,11000,2066.75,31-Jan-2017,30-Mar-2017,9000,424.1,31-Jan-2017,30-Mar-2017,10000,1354.65,,,,
27-Jan-2017,28-Dec-2017,9000,465.15,27-Jan-2017,28-Dec-2017,10000,1070.4,27-Jan-2017,28-Dec-2017,11000,1909.95,,,,,,,,,,,,,27-Jan-2017,29-Jun-2017,9000,383.85,27-Jan-2017,29-Jun-2017,10000,1126.25,27-Jan-2017,29-Jun-2017,11000,2159.5,01-Feb-2017,30-Mar-2017,9000,295.1,01-Feb-2017,30-Mar-2017,10000,1214.75,,,,
30-Jan-2017,28-Dec-2017,9000,475.95,30-Jan-2017,28-Dec-2017,10000,1071.65,30-Jan-2017,28-Dec-2017,11000,1773.8,,,,,,,,,,,,,30-Jan-2017,29-Jun-2017,9000,379,30-Jan-2017,29-Jun-2017,10000,1133.6,30-Jan-2017,29-Jun-2017,11000,2160.9,02-Feb-2017,30-Mar-2017,9000,288.3,02-Feb-2017,30-Mar-2017,10000,1205.1,,,,
31-Jan-2017,28-Dec-2017,9000,514.95,31-Jan-2017,28-Dec-2017,10000,1131,31-Jan-2017,28-Dec-2017,11000,1840.6,,,,,,,,,,,,,31-Jan-2017,29-Jun-2017,9000,421.4,31-Jan-2017,29-Jun-2017,10000,1200.25,31-Jan-2017,29-Jun-2017,11000,2207.2,03-Feb-2017,30-Mar-2017,9000,282.6,03-Feb-2017,30-Mar-2017,10000,1198.15,,,,
01-Feb-2017,28-Dec-2017,9000,443,01-Feb-2017,28-Dec-2017,10000,1000,01-Feb-2017,28-Dec-2017,11000,1840,,,,,,,,,,,,,01-Feb-2017,29-Jun-2017,9000,380.75,01-Feb-2017,29-Jun-2017,10000,1087,01-Feb-2017,29-Jun-2017,11000,2091,06-Feb-2017,30-Mar-2017,9000,240,06-Feb-2017,30-Mar-2017,10000,1137.3,,,,
02-Feb-2017,28-Dec-2017,9000,437.35,02-Feb-2017,28-Dec-2017,10000,1001.95,02-Feb-2017,28-Dec-2017,11000,1717.2,,,,,,,,,,,,,02-Feb-2017,29-Jun-2017,9000,322,02-Feb-2017,29-Jun-2017,10000,1066.7,02-Feb-2017,29-Jun-2017,11000,2057.55,07-Feb-2017,30-Mar-2017,9000,260.1,07-Feb-2017,30-Mar-2017,10000,1165.3,,,,
03-Feb-2017,28-Dec-2017,9000,429.7,03-Feb-2017,28-Dec-2017,10000,990,03-Feb-2017,28-Dec-2017,11000,1705.6,,,,,,,,,,,,,03-Feb-2017,29-Jun-2017,9000,334,03-Feb-2017,29-Jun-2017,10000,1056.5,03-Feb-2017,29-Jun-2017,11000,2065,08-Feb-2017,30-Mar-2017,9000,250.1,08-Feb-2017,30-Mar-2017,10000,1145.15,,,,
06-Feb-2017,28-Dec-2017,9000,400.05,06-Feb-2017,28-Dec-2017,10000,949.7,06-Feb-2017,28-Dec-2017,11000,1655.4,,,,,,,,,,,,,06-Feb-2017,29-Jun-2017,9000,300,06-Feb-2017,29-Jun-2017,10000,1006.4,06-Feb-2017,29-Jun-2017,11000,1978.4,09-Feb-2017,30-Mar-2017,9000,245,09-Feb-2017,30-Mar-2017,10000,1153,,,,
07-Feb-2017,28-Dec-2017,9000,408.15,07-Feb-2017,28-Dec-2017,10000,969.7,07-Feb-2017,28-Dec-2017,11000,1822,,,,,,,,,,,,,07-Feb-2017,29-Jun-2017,9000,323.35,07-Feb-2017,29-Jun-2017,10000,1032.3,07-Feb-2017,29-Jun-2017,11000,2017.65,10-Feb-2017,30-Mar-2017,9000,234.1,10-Feb-2017,30-Mar-2017,10000,1140.1,,,,
08-Feb-2017,28-Dec-2017,9000,399.55,08-Feb-2017,28-Dec-2017,10000,975.75,08-Feb-2017,28-Dec-2017,11000,1676.2,,,,,,,,,,,,,08-Feb-2017,29-Jun-2017,9000,313.3,08-Feb-2017,29-Jun-2017,10000,1027.9,08-Feb-2017,29-Jun-2017,11000,2050.95,13-Feb-2017,30-Mar-2017,9000,229.9,13-Feb-2017,30-Mar-2017,10000,1133.6,,,,
09-Feb-2017,28-Dec-2017,9000,399.7,09-Feb-2017,28-Dec-2017,10000,967.25,09-Feb-2017,28-Dec-2017,11000,1658.25,,,,,,,,,,,,,09-Feb-2017,29-Jun-2017,9000,298.3,09-Feb-2017,29-Jun-2017,10000,1014.25,09-Feb-2017,29-Jun-2017,11000,2030.6,14-Feb-2017,30-Mar-2017,9000,227.5,14-Feb-2017,30-Mar-2017,10000,1143.5,,,,
10-Feb-2017,28-Dec-2017,9000,389.8,10-Feb-2017,28-Dec-2017,10000,950,10-Feb-2017,28-Dec-2017,11000,1638.3,,,,,,,,,,,,,10-Feb-2017,29-Jun-2017,9000,281.8,10-Feb-2017,29-Jun-2017,10000,997,10-Feb-2017,29-Jun-2017,11000,2025.3,15-Feb-2017,30-Mar-2017,9000,276.85,15-Feb-2017,30-Mar-2017,10000,1207.15,,,,
13-Feb-2017,28-Dec-2017,9000,385.75,13-Feb-2017,28-Dec-2017,10000,950,13-Feb-2017,28-Dec-2017,11000,1626.55,,,,,,,,,,,,,13-Feb-2017,29-Jun-2017,9000,290.1,13-Feb-2017,29-Jun-2017,10000,986.15,13-Feb-2017,29-Jun-2017,11000,2016.55,16-Feb-2017,30-Mar-2017,9000,239.3,16-Feb-2017,30-Mar-2017,10000,1162.5,,,,
14-Feb-2017,28-Dec-2017,9000,383.35,14-Feb-2017,28-Dec-2017,10000,952,14-Feb-2017,28-Dec-2017,11000,1634.4,,,,,,,,,,,,,14-Feb-2017,29-Jun-2017,9000,296,14-Feb-2017,29-Jun-2017,10000,995.2,14-Feb-2017,29-Jun-2017,11000,2020.55,17-Feb-2017,30-Mar-2017,9000,213.5,17-Feb-2017,30-Mar-2017,10000,1128.6,,,,
15-Feb-2017,28-Dec-2017,9000,416.55,15-Feb-2017,28-Dec-2017,10000,997,15-Feb-2017,28-Dec-2017,11000,1700.25,,,,,,,,,,,,,15-Feb-2017,29-Jun-2017,9000,326,15-Feb-2017,29-Jun-2017,10000,1059.6,15-Feb-2017,29-Jun-2017,11000,2079.9,20-Feb-2017,30-Mar-2017,9000,182.95,20-Feb-2017,30-Mar-2017,10000,1084.7,,,,
16-Feb-2017,28-Dec-2017,9000,397.9,16-Feb-2017,28-Dec-2017,10000,973,16-Feb-2017,28-Dec-2017,11000,1652.15,,,,,,,,,,,,,16-Feb-2017,29-Jun-2017,9000,313.4,16-Feb-2017,29-Jun-2017,10000,1011.55,16-Feb-2017,29-Jun-2017,11000,2042.25,21-Feb-2017,30-Mar-2017,9000,161.8,21-Feb-2017,30-Mar-2017,10000,1042.45,,,,
17-Feb-2017,28-Dec-2017,9000,387,17-Feb-2017,28-Dec-2017,10000,947.95,17-Feb-2017,28-Dec-2017,11000,1612.4,,,,,,,,,,,,,17-Feb-2017,29-Jun-2017,9000,290,17-Feb-2017,29-Jun-2017,10000,971.95,17-Feb-2017,29-Jun-2017,11000,2004.5,22-Feb-2017,30-Mar-2017,9000,158.3,22-Feb-2017,30-Mar-2017,10000,1033,,,,
20-Feb-2017,28-Dec-2017,9000,371.45,20-Feb-2017,28-Dec-2017,10000,904.45,20-Feb-2017,28-Dec-2017,11000,1566.1,,,,,,,,,,,,,20-Feb-2017,29-Jun-2017,9000,267.6,20-Feb-2017,29-Jun-2017,10000,924.25,20-Feb-2017,29-Jun-2017,11000,1957.85,23-Feb-2017,30-Mar-2017,9000,153,23-Feb-2017,30-Mar-2017,10000,1031.2,,,,
21-Feb-2017,28-Dec-2017,9000,354.85,21-Feb-2017,28-Dec-2017,10000,881.9,21-Feb-2017,28-Dec-2017,11000,1537.6,,,,,,,,,,,,,21-Feb-2017,29-Jun-2017,9000,252.5,21-Feb-2017,29-Jun-2017,10000,897,21-Feb-2017,29-Jun-2017,11000,1910,27-Feb-2017,30-Mar-2017,9000,171.45,27-Feb-2017,30-Mar-2017,10000,1071.55,,,,
22-Feb-2017,28-Dec-2017,9000,345.35,22-Feb-2017,28-Dec-2017,10000,873.6,22-Feb-2017,28-Dec-2017,11000,1725.7,,,,,,,,,,,,,22-Feb-2017,29-Jun-2017,9000,246.3,22-Feb-2017,29-Jun-2017,10000,878.2,22-Feb-2017,29-Jun-2017,11000,1848.4,28-Feb-2017,30-Mar-2017,9000,175.25,28-Feb-2017,30-Mar-2017,10000,1076.7,,,,
23-Feb-2017,28-Dec-2017,9000,340.55,23-Feb-2017,28-Dec-2017,10000,850,23-Feb-2017,28-Dec-2017,11000,1503.5,,,,,,,,,,,,,23-Feb-2017,29-Jun-2017,9000,240,23-Feb-2017,29-Jun-2017,10000,864.75,23-Feb-2017,29-Jun-2017,11000,1909.5,01-Mar-2017,30-Mar-2017,9000,136.7,01-Mar-2017,30-Mar-2017,10000,1009.95,,,,
27-Feb-2017,28-Dec-2017,9000,347.85,27-Feb-2017,28-Dec-2017,10000,886.5,27-Feb-2017,28-Dec-2017,11000,1681.5,,,,,,,,,,,,,27-Feb-2017,29-Jun-2017,9000,253,27-Feb-2017,29-Jun-2017,10000,908.1,27-Feb-2017,29-Jun-2017,11000,1948.7,02-Mar-2017,30-Mar-2017,9000,162.05,02-Mar-2017,30-Mar-2017,10000,1067.7,,,,
28-Feb-2017,28-Dec-2017,9000,350.5,28-Feb-2017,28-Dec-2017,10000,891,28-Feb-2017,28-Dec-2017,11000,1700,,,,,,,,,,,,,28-Feb-2017,29-Jun-2017,9000,256.7,28-Feb-2017,29-Jun-2017,10000,922.95,28-Feb-2017,29-Jun-2017,11000,1960,03-Mar-2017,30-Mar-2017,9000,157.9,03-Mar-2017,30-Mar-2017,10000,1064.55,,,,
01-Mar-2017,28-Dec-2017,9000,332.6,01-Mar-2017,28-Dec-2017,10000,830.1,01-Mar-2017,28-Dec-2017,11000,1675,,,,,,,,,,,,,01-Mar-2017,29-Jun-2017,9000,229.5,01-Mar-2017,29-Jun-2017,10000,864.85,01-Mar-2017,29-Jun-2017,11000,1925,06-Mar-2017,30-Mar-2017,9000,126.5,06-Mar-2017,30-Mar-2017,10000,1008.55,,,,
02-Mar-2017,28-Dec-2017,9000,352,02-Mar-2017,28-Dec-2017,10000,892.6,02-Mar-2017,28-Dec-2017,11000,1710,,,,,,,,,,,,,02-Mar-2017,29-Jun-2017,9000,263.2,02-Mar-2017,29-Jun-2017,10000,907.1,02-Mar-2017,29-Jun-2017,11000,1845.7,07-Mar-2017,30-Mar-2017,9000,131.55,07-Mar-2017,30-Mar-2017,10000,1013.65,,,,
03-Mar-2017,28-Dec-2017,9000,346.55,03-Mar-2017,28-Dec-2017,10000,894.4,03-Mar-2017,28-Dec-2017,11000,1732.45,,,,,,,,,,,,,03-Mar-2017,29-Jun-2017,9000,260,03-Mar-2017,29-Jun-2017,10000,908.2,03-Mar-2017,29-Jun-2017,11000,1975,08-Mar-2017,30-Mar-2017,9000,144.6,08-Mar-2017,30-Mar-2017,10000,1034.85,,,,
06-Mar-2017,28-Dec-2017,9000,327.9,06-Mar-2017,28-Dec-2017,10000,847.8,06-Mar-2017,28-Dec-2017,11000,1679.15,,,,,,,,,,,,,06-Mar-2017,29-Jun-2017,9000,240,06-Mar-2017,29-Jun-2017,10000,852.95,06-Mar-2017,29-Jun-2017,11000,1890,09-Mar-2017,30-Mar-2017,9000,143.25,09-Mar-2017,30-Mar-2017,10000,1033.5,,,,
07-Mar-2017,28-Dec-2017,9000,329.05,07-Mar-2017,28-Dec-2017,10000,852.35,07-Mar-2017,28-Dec-2017,11000,1680,,,,,,,,,,,,,07-Mar-2017,29-Jun-2017,9000,233.75,07-Mar-2017,29-Jun-2017,10000,867.85,07-Mar-2017,29-Jun-2017,11000,1902,10-Mar-2017,30-Mar-2017,9000,135.8,10-Mar-2017,30-Mar-2017,10000,1024.05,,,,
08-Mar-2017,28-Dec-2017,9000,332.15,08-Mar-2017,28-Dec-2017,10000,876.5,08-Mar-2017,28-Dec-2017,11000,1697.65,,,,,,,,,,,,,08-Mar-2017,29-Jun-2017,9000,252.45,08-Mar-2017,29-Jun-2017,10000,888.95,08-Mar-2017,29-Jun-2017,11000,1925,14-Mar-2017,30-Mar-2017,9000,45.35,14-Mar-2017,30-Mar-2017,10000,884.55,,,,
09-Mar-2017,28-Dec-2017,9000,329.3,09-Mar-2017,28-Dec-2017,10000,870,09-Mar-2017,28-Dec-2017,11000,1690,,,,,,,,,,,,,09-Mar-2017,29-Jun-2017,9000,153,09-Mar-2017,29-Jun-2017,10000,886.6,09-Mar-2017,29-Jun-2017,11000,1925,15-Mar-2017,30-Mar-2017,9000,41.8,15-Mar-2017,30-Mar-2017,10000,877.2,,,,
10-Mar-2017,28-Dec-2017,9000,328.4,10-Mar-2017,28-Dec-2017,10000,855.5,10-Mar-2017,28-Dec-2017,11000,1520.2,,,,,,,,,,,,,10-Mar-2017,29-Jun-2017,9000,245,10-Mar-2017,29-Jun-2017,10000,879.3,10-Mar-2017,29-Jun-2017,11000,1903.3,16-Mar-2017,30-Mar-2017,9000,21.95,16-Mar-2017,30-Mar-2017,10000,816.95,,,,
14-Mar-2017,28-Dec-2017,9000,275.05,14-Mar-2017,28-Dec-2017,10000,750,14-Mar-2017,28-Dec-2017,11000,1510.1,,,,,,,,,,,,,14-Mar-2017,29-Jun-2017,9000,182.1,14-Mar-2017,29-Jun-2017,10000,765.25,14-Mar-2017,29-Jun-2017,11000,1766.35,17-Mar-2017,30-Mar-2017,9000,21.2,17-Mar-2017,30-Mar-2017,10000,818.05,,,,
15-Mar-2017,28-Dec-2017,9000,274.9,15-Mar-2017,28-Dec-2017,10000,748,15-Mar-2017,28-Dec-2017,11000,1412.05,,,,,,,,,,,,,15-Mar-2017,29-Jun-2017,9000,184,15-Mar-2017,29-Jun-2017,10000,763.85,15-Mar-2017,29-Jun-2017,11000,1776.95,20-Mar-2017,30-Mar-2017,9000,19.1,20-Mar-2017,30-Mar-2017,10000,838.8,,,,
16-Mar-2017,28-Dec-2017,9000,251.15,16-Mar-2017,28-Dec-2017,10000,702.05,16-Mar-2017,28-Dec-2017,11000,1354.7,,,,,,,,,,,,,16-Mar-2017,29-Jun-2017,9000,160.95,16-Mar-2017,29-Jun-2017,10000,707.05,16-Mar-2017,29-Jun-2017,11000,1701.7,21-Mar-2017,30-Mar-2017,9000,17.8,21-Mar-2017,30-Mar-2017,10000,850.75,,,,
17-Mar-2017,28-Dec-2017,9000,251.9,17-Mar-2017,28-Dec-2017,10000,691.7,17-Mar-2017,28-Dec-2017,11000,1343.8,,,,,,,,,,,,,17-Mar-2017,29-Jun-2017,9000,151.85,17-Mar-2017,29-Jun-2017,10000,698.05,17-Mar-2017,29-Jun-2017,11000,1715.75,22-Mar-2017,30-Mar-2017,9000,40.25,22-Mar-2017,30-Mar-2017,10000,940.35,,,,
20-Mar-2017,28-Dec-2017,9000,251.45,20-Mar-2017,28-Dec-2017,10000,700.75,20-Mar-2017,28-Dec-2017,11000,1470.95,,,,,,,,,,,,,20-Mar-2017,29-Jun-2017,9000,150.25,20-Mar-2017,29-Jun-2017,10000,726.9,20-Mar-2017,29-Jun-2017,11000,1734.65,23-Mar-2017,30-Mar-2017,9000,17.9,23-Mar-2017,30-Mar-2017,10000,883.95,,,,
21-Mar-2017,28-Dec-2017,9000,259.85,21-Mar-2017,28-Dec-2017,10000,721.2,21-Mar-2017,28-Dec-2017,11000,1500.1,,,,,,,,,,,,,21-Mar-2017,29-Jun-2017,9000,148.5,21-Mar-2017,29-Jun-2017,10000,728.2,21-Mar-2017,29-Jun-2017,11000,1746.5,24-Mar-2017,30-Mar-2017,9000,13.5,24-Mar-2017,30-Mar-2017,10000,870.8,,,,
22-Mar-2017,28-Dec-2017,9000,286.5,22-Mar-2017,28-Dec-2017,10000,781.75,22-Mar-2017,28-Dec-2017,11000,1570,,,,,,,,,,,,,22-Mar-2017,29-Jun-2017,9000,174.45,22-Mar-2017,29-Jun-2017,10000,815.85,22-Mar-2017,29-Jun-2017,11000,1830.7,27-Mar-2017,30-Mar-2017,9000,19.4,27-Mar-2017,30-Mar-2017,10000,925.55,,,,
23-Mar-2017,28-Dec-2017,9000,273.4,23-Mar-2017,28-Dec-2017,10000,741.3,23-Mar-2017,28-Dec-2017,11000,1557.45,,,,,,,,,,,,,23-Mar-2017,29-Jun-2017,9000,153.6,23-Mar-2017,29-Jun-2017,10000,766.65,23-Mar-2017,29-Jun-2017,11000,1776.7,28-Mar-2017,30-Mar-2017,9000,7.15,28-Mar-2017,30-Mar-2017,10000,883.75,,,,
24-Mar-2017,28-Dec-2017,9000,276.15,24-Mar-2017,28-Dec-2017,10000,748.45,24-Mar-2017,28-Dec-2017,11000,1518.6,,,,,,,,,,,,,24-Mar-2017,29-Jun-2017,9000,160.3,24-Mar-2017,29-Jun-2017,10000,745.85,24-Mar-2017,29-Jun-2017,11000,1760.95,,,,,,,,,,,,
27-Mar-2017,28-Dec-2017,9000,290.3,27-Mar-2017,28-Dec-2017,10000,780.85,27-Mar-2017,28-Dec-2017,11000,1594.7,,,,,,,,,,,,,27-Mar-2017,29-Jun-2017,9000,172.85,27-Mar-2017,29-Jun-2017,10000,807.4,27-Mar-2017,29-Jun-2017,11000,1811.6,,,,,,,,,,,,
28-Mar-2017,28-Dec-2017,9000,279.65,28-Mar-2017,28-Dec-2017,10000,759.75,28-Mar-2017,28-Dec-2017,11000,1543.05,,,,,,,,,,,,,28-Mar-2017,29-Jun-2017,9000,153.4,28-Mar-2017,29-Jun-2017,10000,758.1,28-Mar-2017,29-Jun-2017,11000,1769.25,,,,,,,,,,,,
